Dist Code,Year,State Code,State Name,Dist Name,Crop,Area_ha,Yield_kg_per_ha,N_req_kg_per_ha,P_req_kg_per_ha,K_req_kg_per_ha,Total_N_kg,Total_P_kg,Total_K_kg,Temperature_C,Humidity_%,pH,Rainfall_mm,Wind_Speed_m_s,Solar_Radiation_MJ_m2_day
44,1966,1,Andhra Pradesh,Srikakulam,rice,279000,810.04,20.251,9.72048,17.82088,5650029,2712013.92,4972025.52,25,80,6.5,1200,2,18
44,1966,1,Andhra Pradesh,Srikakulam,maize,1000,1000,27,12,17,27000,12000,17000,22,70,6,800,2.5,20
44,1967,1,Andhra Pradesh,Srikakulam,rice,277000,696.75,17.41875,8.361,15.3285,4824993.75,2315997,4245994.5,25,80,6.5,1200,2,18
44,1967,1,Andhra Pradesh,Srikakulam,maize,200,1500,40.5,18,25.5,8100,3600,5100,22,70,6,800,2.5,20
44,1968,1,Andhra Pradesh,Srikakulam,rice,305300,563.38,14.0845,6.76056,12.39436,4299997.85,2063998.968,3783998.108,25,80,6.5,1200,2,18
44,1968,1,Andhra Pradesh,Srikakulam,maize,200,500,13.5,6,8.5,2700,1200,1700,22,70,6,800,2.5,20
44,1969,1,Andhra Pradesh,Srikakulam,rice,266300,862.56,21.564,10.35072,18.97632,5742493.2,2756396.736,5053394.016,25,80,6.5,1200,2,18
44,1969,1,Andhra Pradesh,Srikakulam,maize,400,1250,33.75,15,21.25,13500,6000,8500,22,70,6,800,2.5,20
44,1970,1,Andhra Pradesh,Srikakulam,rice,281100,1059.77,26.49425,12.71724,23.31494,7447533.675,3574816.164,6553829.634,25,80,6.5,1200,2,18
44,1970,1,Andhra Pradesh,Srikakulam,maize,300,1333.33,35.99991,15.99996,22.66661,10799.973,4799.988,6799.983,22,70,6,800,2.5,20
44,1970,1,Andhra Pradesh,Srikakulam,chickpea,100,1000,18,10,18,1800,1000,1800,20,60,6.5,600,1.5,16
44,1971,1,Andhra Pradesh,Srikakulam,rice,267000,1433.71,35.84275,17.20452,31.54162,9570014.25,4593606.84,8421612.54,25,80,6.5,1200,2,18
44,1971,1,Andhra Pradesh,Srikakulam,maize,200,1000,27,12,17,5400,2400,3400,22,70,6,800,2.5,20
44,1972,1,Andhra Pradesh,Srikakulam,rice,259900,1118.51,27.96275,13.42212,24.60722,7267518.725,3488408.988,6395416.478,25,80,6.5,1200,2,18
44,1972,1,Andhra Pradesh,Srikakulam,maize,200,1000,27,12,17,5400,2400,3400,22,70,6,800,2.5,20
44,1973,1,Andhra Pradesh,Srikakulam,rice,263400,1202.35,30.05875,14.4282,26.4517,7917474.75,3800387.88,6967377.78,25,80,6.5,1200,2,18
44,1973,1,Andhra Pradesh,Srikakulam,maize,200,1500,40.5,18,25.5,8100,3600,5100,22,70,6,800,2.5,20
44,1974,1,Andhra Pradesh,Srikakulam,rice,214200,711.95,17.79875,8.5434,15.6629,3812492.25,1829996.28,3354993.18,25,80,6.5,1200,2,18
44,1974,1,Andhra Pradesh,Srikakulam,maize,200,1500,40.5,18,25.5,8100,3600,5100,22,70,6,800,2.5,20
44,1975,1,Andhra Pradesh,Srikakulam,rice,270200,1301.26,32.5315,15.61512,28.62772,8790011.3,4219205.424,7735209.944,25,80,6.5,1200,2,18
44,1975,1,Andhra Pradesh,Srikakulam,maize,200,1000,27,12,17,5400,2400,3400,22,70,6,800,2.5,20
44,1976,1,Andhra Pradesh,Srikakulam,rice,272200,810.8,20.27,9.7296,17.8376,5517494,2648397.12,4855394.72,25,80,6.5,1200,2,18
44,1976,1,Andhra Pradesh,Srikakulam,maize,200,1000,27,12,17,5400,2400,3400,22,70,6,800,2.5,20
44,1976,1,Andhra Pradesh,Srikakulam,chickpea,400,250,4.5,2.5,4.5,1800,1000,1800,20,60,6.5,600,1.5,16
44,1977,1,Andhra Pradesh,Srikakulam,rice,263200,860.18,21.5045,10.32216,18.92396,5659984.4,2716792.512,4980786.272,25,80,6.5,1200,2,18
44,1977,1,Andhra Pradesh,Srikakulam,maize,500,1400,37.8,16.8,23.8,18900,8400,11900,22,70,6,800,2.5,20
44,1977,1,Andhra Pradesh,Srikakulam,chickpea,400,500,9,5,9,3600,2000,3600,20,60,6.5,600,1.5,16
44,1978,1,Andhra Pradesh,Srikakulam,rice,274000,1055.11,26.37775,12.66132,23.21242,7227503.5,3469201.68,6360203.08,25,80,6.5,1200,2,18
44,1978,1,Andhra Pradesh,Srikakulam,maize,200,1000,27,12,17,5400,2400,3400,22,70,6,800,2.5,20
44,1978,1,Andhra Pradesh,Srikakulam,chickpea,500,400,7.2,4,7.2,3600,2000,3600,20,60,6.5,600,1.5,16
44,1979,1,Andhra Pradesh,Srikakulam,rice,267000,985.02,24.6255,11.82024,21.67044,6575008.5,3156004.08,5786007.48,25,80,6.5,1200,2,18
44,1979,1,Andhra Pradesh,Srikakulam,maize,200,500,13.5,6,8.5,2700,1200,1700,22,70,6,800,2.5,20
44,1979,1,Andhra Pradesh,Srikakulam,chickpea,600,500,9,5,9,5400,3000,5400,20,60,6.5,600,1.5,16
44,1980,1,Andhra Pradesh,Srikakulam,rice,276000,1398.55,34.96375,16.7826,30.7681,9649995,4631997.6,8491995.6,25,80,6.5,1200,2,18
44,1980,1,Andhra Pradesh,Srikakulam,maize,200,1000,27,12,17,5400,2400,3400,22,70,6,800,2.5,20
44,1980,1,Andhra Pradesh,Srikakulam,chickpea,400,250,4.5,2.5,4.5,1800,1000,1800,20,60,6.5,600,1.5,16
44,1981,1,Andhra Pradesh,Srikakulam,rice,273000,1439.56,35.989,17.27472,31.67032,9824997,4715998.56,8645997.36,25,80,6.5,1200,2,18
44,1981,1,Andhra Pradesh,Srikakulam,maize,200,3000,81,36,51,16200,7200,10200,22,70,6,800,2.5,20
44,1981,1,Andhra Pradesh,Srikakulam,chickpea,400,500,9,5,9,3600,2000,3600,20,60,6.5,600,1.5,16
44,1982,1,Andhra Pradesh,Srikakulam,rice,259500,1557.23,38.93075,18.68676,34.25906,10102529.63,4849214.22,8890226.07,25,80,6.5,1200,2,18
44,1982,1,Andhra Pradesh,Srikakulam,maize,300,2333.33,62.99991,27.99996,39.66661,18899.973,8399.988,11899.983,22,70,6,800,2.5,20
44,1982,1,Andhra Pradesh,Srikakulam,chickpea,500,800,14.4,8,14.4,7200,4000,7200,20,60,6.5,600,1.5,16
44,1983,1,Andhra Pradesh,Srikakulam,rice,274800,1905.75,47.64375,22.869,41.9265,13092502.5,6284401.2,11521402.2,25,80,6.5,1200,2,18
44,1983,1,Andhra Pradesh,Srikakulam,maize,300,3000,81,36,51,24300,10800,15300,22,70,6,800,2.5,20
44,1983,1,Andhra Pradesh,Srikakulam,chickpea,500,600,10.8,6,10.8,5400,3000,5400,20,60,6.5,600,1.5,16
44,1984,1,Andhra Pradesh,Srikakulam,rice,271800,1225.17,30.62925,14.70204,26.95374,8325030.15,3996014.472,7326026.532,25,80,6.5,1200,2,18
44,1984,1,Andhra Pradesh,Srikakulam,maize,200,1500,40.5,18,25.5,8100,3600,5100,22,70,6,800,2.5,20
44,1984,1,Andhra Pradesh,Srikakulam,chickpea,200,500,9,5,9,1800,1000,1800,20,60,6.5,600,1.5,16
44,1985,1,Andhra Pradesh,Srikakulam,rice,264900,2015.48,50.387,24.18576,44.34056,13347516.3,6406807.824,11745814.34,25,80,6.5,1200,2,18
44,1985,1,Andhra Pradesh,Srikakulam,maize,300,1333.33,35.99991,15.99996,22.66661,10799.973,4799.988,6799.983,22,70,6,800,2.5,20
44,1985,1,Andhra Pradesh,Srikakulam,chickpea,300,666.67,12.00006,6.6667,12.00006,3600.018,2000.01,3600.018,20,60,6.5,600,1.5,16
44,1986,1,Andhra Pradesh,Srikakulam,rice,278000,1589.93,39.74825,19.07916,34.97846,11050013.5,5304006.48,9724011.88,25,80,6.5,1200,2,18
44,1986,1,Andhra Pradesh,Srikakulam,maize,300,1333.33,35.99991,15.99996,22.66661,10799.973,4799.988,6799.983,22,70,6,800,2.5,20
44,1987,1,Andhra Pradesh,Srikakulam,rice,75000,1266.67,31.66675,15.20004,27.86674,2375006.25,1140003,2090005.5,25,80,6.5,1200,2,18
44,1987,1,Andhra Pradesh,Srikakulam,maize,200,1500,40.5,18,25.5,8100,3600,5100,22,70,6,800,2.5,20
44,1988,1,Andhra Pradesh,Srikakulam,rice,272800,2026.39,50.65975,24.31668,44.58058,13819979.8,6633590.304,12161582.22,25,80,6.5,1200,2,18
44,1988,1,Andhra Pradesh,Srikakulam,maize,200,1500,40.5,18,25.5,8100,3600,5100,22,70,6,800,2.5,20
44,1989,1,Andhra Pradesh,Srikakulam,rice,281900,2171.34,54.2835,26.05608,47.76948,15302518.65,7345208.952,13466216.41,25,80,6.5,1200,2,18
44,1989,1,Andhra Pradesh,Srikakulam,maize,200,2050,55.35,24.6,34.85,11070,4920,6970,22,70,6,800,2.5,20
44,1990,1,Andhra Pradesh,Srikakulam,rice,282240,1772.81,44.32025,21.27372,39.00182,12508947.36,6004294.733,11007873.68,25,80,6.5,1200,2,18
44,1990,1,Andhra Pradesh,Srikakulam,maize,190,1837.84,49.62168,22.05408,31.24328,9428.1192,4190.2752,5936.2232,22,70,6,800,2.5,20
44,1990,1,Andhra Pradesh,Srikakulam,chickpea,50,727.27,13.09086,7.2727,13.09086,654.543,363.635,654.543,20,60,6.5,600,1.5,16
44,1990,1,Andhra Pradesh,Srikakulam,cotton,50,444.44,11.99988,5.33328,11.99988,599.994,266.664,599.994,28,65,6,700,3,22
44,1991,1,Andhra Pradesh,Srikakulam,rice,278300,2321.49,58.03725,27.85788,51.07278,16151766.67,7752848.004,14213554.67,25,80,6.5,1200,2,18
44,1991,1,Andhra Pradesh,Srikakulam,maize,270,2150.94,58.07538,25.81128,36.56598,15680.3526,6969.0456,9872.8146,22,70,6,800,2.5,20
44,1991,1,Andhra Pradesh,Srikakulam,chickpea,80,733.33,13.19994,7.3333,13.19994,1055.9952,586.664,1055.9952,20,60,6.5,600,1.5,16
44,1991,1,Andhra Pradesh,Srikakulam,cotton,50,555.56,15.00012,6.66672,15.00012,750.006,333.336,750.006,28,65,6,700,3,22
44,1992,1,Andhra Pradesh,Srikakulam,rice,282080,2231.16,55.779,26.77392,49.08552,15734140.32,7552387.354,13846043.48,25,80,6.5,1200,2,18
44,1992,1,Andhra Pradesh,Srikakulam,maize,460,2703.3,72.9891,32.4396,45.9561,33574.986,14922.216,21139.806,22,70,6,800,2.5,20
44,1992,1,Andhra Pradesh,Srikakulam,chickpea,50,800,14.4,8,14.4,720,400,720,20,60,6.5,600,1.5,16
44,1992,1,Andhra Pradesh,Srikakulam,cotton,70,357.14,9.64278,4.28568,9.64278,674.9946,299.9976,674.9946,28,65,6,700,3,22
44,1993,1,Andhra Pradesh,Srikakulam,rice,248500,1977.87,49.44675,23.73444,43.51314,12287517.37,5898008.34,10813015.29,25,80,6.5,1200,2,18
44,1994,1,Andhra Pradesh,Srikakulam,rice,272000,1871.32,46.783,22.45584,41.16904,12724976,6107988.48,11197978.88,25,80,6.5,1200,2,18
44,1994,1,Andhra Pradesh,Srikakulam,cotton,500,680,18.36,8.16,18.36,9180,4080,9180,28,65,6,700,3,22
44,1995,1,Andhra Pradesh,Srikakulam,rice,290000,1996.55,49.91375,23.9586,43.9241,14474987.5,6947994,12737989,25,80,6.5,1200,2,18
44,1995,1,Andhra Pradesh,Srikakulam,maize,500,3000,81,36,51,40500,18000,25500,22,70,6,800,2.5,20
44,1995,1,Andhra Pradesh,Srikakulam,cotton,2000,340,9.18,4.08,9.18,18360,8160,18360,28,65,6,700,3,22
44,1996,1,Andhra Pradesh,Srikakulam,rice,250000,1922,48.05,23.064,42.284,12012500,5766000,10571000,25,80,6.5,1200,2,18
44,1996,1,Andhra Pradesh,Srikakulam,maize,1000,3000,81,36,51,81000,36000,51000,22,70,6,800,2.5,20
44,1996,1,Andhra Pradesh,Srikakulam,cotton,2500,374,10.098,4.488,10.098,25245,11220,25245,28,65,6,700,3,22
44,1997,1,Andhra Pradesh,Srikakulam,rice,252500,1483.17,37.07925,17.79804,32.62974,9362510.625,4494005.1,8239009.35,25,80,6.5,1200,2,18
44,1997,1,Andhra Pradesh,Srikakulam,maize,1000,4000,108,48,68,108000,48000,68000,22,70,6,800,2.5,20
44,1997,1,Andhra Pradesh,Srikakulam,cotton,3000,396.67,10.71009,4.76004,10.71009,32130.27,14280.12,32130.27,28,65,6,700,3,22
44,1998,1,Andhra Pradesh,Srikakulam,rice,264000,2017.05,50.42625,24.2046,44.3751,13312530,6390014.4,11715026.4,25,80,6.5,1200,2,18
44,1998,1,Andhra Pradesh,Srikakulam,maize,1500,4000,108,48,68,162000,72000,102000,22,70,6,800,2.5,20
44,1998,1,Andhra Pradesh,Srikakulam,cotton,8500,140,3.78,1.68,3.78,32130,14280,32130,28,65,6,700,3,22
44,1999,1,Andhra Pradesh,Srikakulam,rice,257810,1777.57,44.43925,21.33084,39.10654,11456883.04,5499303.86,10082057.08,25,80,6.5,1200,2,18
44,1999,1,Andhra Pradesh,Srikakulam,maize,1890,4034.48,108.93096,48.41376,68.58616,205879.5144,91502.0064,129627.8424,22,70,6,800,2.5,20
44,1999,1,Andhra Pradesh,Srikakulam,chickpea,50,1100,19.8,11,19.8,990,550,990,20,60,6.5,600,1.5,16
44,1999,1,Andhra Pradesh,Srikakulam,cotton,6940,281.5,7.6005,3.378,7.6005,52747.47,23443.32,52747.47,28,65,6,700,3,22
44,2000,1,Andhra Pradesh,Srikakulam,rice,274600,1862.16,46.554,22.34592,40.96752,12783728.4,6136189.632,11249680.99,25,80,6.5,1200,2,18
44,2000,1,Andhra Pradesh,Srikakulam,maize,1890,3949.87,106.64649,47.39844,67.14779,201561.8661,89583.0516,126909.3231,22,70,6,800,2.5,20
44,2000,1,Andhra Pradesh,Srikakulam,chickpea,40,2428.57,43.71426,24.2857,43.71426,1748.5704,971.428,1748.5704,20,60,6.5,600,1.5,16
44,2000,1,Andhra Pradesh,Srikakulam,cotton,6770,321.03,8.66781,3.85236,8.66781,58681.0737,26080.4772,58681.0737,28,65,6,700,3,22
44,2001,1,Andhra Pradesh,Srikakulam,rice,235440,2132.62,53.3155,25.59144,46.91764,12552601.32,6025248.634,11046289.16,25,80,6.5,1200,2,18
44,2001,1,Andhra Pradesh,Srikakulam,maize,2770,5142.86,138.85722,61.71432,87.42862,384634.4994,170948.6664,242177.2774,22,70,6,800,2.5,20
44,2001,1,Andhra Pradesh,Srikakulam,chickpea,30,1833.33,32.99994,18.3333,32.99994,989.9982,549.999,989.9982,20,60,6.5,600,1.5,16
44,2001,1,Andhra Pradesh,Srikakulam,cotton,9540,444.44,11.99988,5.33328,11.99988,114478.8552,50879.4912,114478.8552,28,65,6,700,3,22
44,2002,1,Andhra Pradesh,Srikakulam,rice,201500,1630.27,40.75675,19.56324,35.86594,8212485.125,3941992.86,7226986.91,25,80,6.5,1200,2,18
44,2002,1,Andhra Pradesh,Srikakulam,maize,3000,5000,135,60,85,405000,180000,255000,22,70,6,800,2.5,20
44,2002,1,Andhra Pradesh,Srikakulam,cotton,8000,297.5,8.0325,3.57,8.0325,64260,28560,64260,28,65,6,700,3,22
44,2003,1,Andhra Pradesh,Srikakulam,rice,246960,2210.18,55.2545,26.52216,48.62396,13645651.32,6549912.634,12008173.16,25,80,6.5,1200,2,18
44,2003,1,Andhra Pradesh,Srikakulam,maize,7830,3637.29,98.20683,43.64748,61.83393,768959.4789,341759.7684,484159.6719,22,70,6,800,2.5,20
44,2003,1,Andhra Pradesh,Srikakulam,chickpea,90,1777.78,32.00004,17.7778,32.00004,2880.0036,1600.002,2880.0036,20,60,6.5,600,1.5,16
44,2003,1,Andhra Pradesh,Srikakulam,cotton,11440,275.23,7.43121,3.30276,7.43121,85013.0424,37783.5744,85013.0424,28,65,6,700,3,22
44,2004,1,Andhra Pradesh,Srikakulam,rice,256780,2344.28,58.607,28.13136,51.57416,15049105.46,7223570.621,13243212.8,25,80,6.5,1200,2,18
44,2004,1,Andhra Pradesh,Srikakulam,maize,6180,4313.92,116.47584,51.76704,73.33664,719820.6912,319920.3072,453220.4352,22,70,6,800,2.5,20
44,2004,1,Andhra Pradesh,Srikakulam,chickpea,50,1500,27,15,27,1350,750,1350,20,60,6.5,600,1.5,16
44,2004,1,Andhra Pradesh,Srikakulam,cotton,14010,321.44,8.67888,3.85728,8.67888,121591.1088,54040.4928,121591.1088,28,65,6,700,3,22
44,2005,1,Andhra Pradesh,Srikakulam,rice,206800,1701.41,42.53525,20.41692,37.43102,8796289.7,4222219.056,7740734.936,25,80,6.5,1200,2,18
44,2005,1,Andhra Pradesh,Srikakulam,maize,7110,4466.24,120.58848,53.59488,75.92608,857384.0928,381059.5968,539834.4288,22,70,6,800,2.5,20
44,2005,1,Andhra Pradesh,Srikakulam,chickpea,50,2000,36,20,36,1800,1000,1800,20,60,6.5,600,1.5,16
44,2005,1,Andhra Pradesh,Srikakulam,cotton,11530,197.66,5.33682,2.37192,5.33682,61533.5346,27348.2376,61533.5346,28,65,6,700,3,22
44,2006,1,Andhra Pradesh,Srikakulam,rice,256640,2496.33,62.40825,29.95596,54.91926,16016453.28,7687897.574,14094478.89,25,80,6.5,1200,2,18
44,2006,1,Andhra Pradesh,Srikakulam,maize,8810,3900.06,105.30162,46.80072,66.30102,927707.2722,412314.3432,584111.9862,22,70,6,800,2.5,20
44,2006,1,Andhra Pradesh,Srikakulam,chickpea,110,1809.52,32.57136,18.0952,32.57136,3582.8496,1990.472,3582.8496,20,60,6.5,600,1.5,16
44,2006,1,Andhra Pradesh,Srikakulam,cotton,7290,259.95,7.01865,3.1194,7.01865,51165.9585,22740.426,51165.9585,28,65,6,700,3,22
44,2007,1,Andhra Pradesh,Srikakulam,rice,266550,3014.59,75.36475,36.17508,66.32098,20088474.11,9642467.574,17677857.22,25,80,6.5,1200,2,18
44,2007,1,Andhra Pradesh,Srikakulam,maize,8400,4817.37,130.06899,57.80844,81.89529,1092579.516,485590.896,687920.436,22,70,6,800,2.5,20
44,2007,1,Andhra Pradesh,Srikakulam,chickpea,70,1200,21.6,12,21.6,1512,840,1512,20,60,6.5,600,1.5,16
44,2007,1,Andhra Pradesh,Srikakulam,cotton,5310,338.98,9.15246,4.06776,9.15246,48599.5626,21599.8056,48599.5626,28,65,6,700,3,22
44,2008,1,Andhra Pradesh,Srikakulam,rice,271170,2104.12,52.603,25.24944,46.29064,14264355.51,6846890.645,12552632.85,25,80,6.5,1200,2,18
44,2008,1,Andhra Pradesh,Srikakulam,maize,11200,4322.62,116.71074,51.87144,73.48454,1307160.288,580960.128,823026.848,22,70,6,800,2.5,20
44,2008,1,Andhra Pradesh,Srikakulam,chickpea,120,1720,30.96,17.2,30.96,3715.2,2064,3715.2,20,60,6.5,600,1.5,16
44,2008,1,Andhra Pradesh,Srikakulam,cotton,5200,315.38,8.51526,3.78456,8.51526,44279.352,19679.712,44279.352,28,65,6,700,3,22
44,2009,1,Andhra Pradesh,Srikakulam,rice,233890,2128.29,53.20725,25.53948,46.82238,12444643.7,5973428.977,10951286.46,25,80,6.5,1200,2,18
44,2009,1,Andhra Pradesh,Srikakulam,maize,13560,4437.48,119.81196,53.24976,75.43716,1624650.178,722066.7456,1022927.89,22,70,6,800,2.5,20
44,2009,1,Andhra Pradesh,Srikakulam,chickpea,140,1607.14,28.92852,16.0714,28.92852,4049.9928,2249.996,4049.9928,20,60,6.5,600,1.5,16
44,2009,1,Andhra Pradesh,Srikakulam,cotton,5660,347.48,9.38196,4.16976,9.38196,53101.8936,23600.8416,53101.8936,28,65,6,700,3,22
44,2010,1,Andhra Pradesh,Srikakulam,rice,279720,1282.12,32.053,15.38544,28.20664,8965865.16,4303615.277,7889961.341,25,80,6.5,1200,2,18
44,2010,1,Andhra Pradesh,Srikakulam,maize,16880,5001.18,135.03186,60.01416,85.02006,2279337.797,1013039.021,1435138.613,22,70,6,800,2.5,20
44,2010,1,Andhra Pradesh,Srikakulam,chickpea,110,1727.27,31.09086,17.2727,31.09086,3419.9946,1899.997,3419.9946,20,60,6.5,600,1.5,16
44,2010,1,Andhra Pradesh,Srikakulam,cotton,8700,236.78,6.39306,2.84136,6.39306,55619.622,24719.832,55619.622,28,65,6,700,3,22
44,2011,1,Andhra Pradesh,Srikakulam,rice,272700,1971.75,49.29375,23.661,43.3785,13442405.62,6452354.7,11829316.95,25,80,6.5,1200,2,18
44,2011,1,Andhra Pradesh,Srikakulam,maize,21730,5043.26,136.16802,60.51912,85.73542,2958931.075,1315080.478,1863030.677,22,70,6,800,2.5,20
44,2011,1,Andhra Pradesh,Srikakulam,chickpea,130,1520,27.36,15.2,27.36,3556.8,1976,3556.8,20,60,6.5,600,1.5,16
44,2011,1,Andhra Pradesh,Srikakulam,cotton,11430,295.15,7.96905,3.5418,7.96905,91086.2415,40482.774,91086.2415,28,65,6,700,3,22
44,2012,1,Andhra Pradesh,Srikakulam,rice,271630,2537.01,63.42525,30.44412,55.81422,17228200.66,8269536.316,15160816.58,25,80,6.5,1200,2,18
44,2012,1,Andhra Pradesh,Srikakulam,maize,20810,4868.78,131.45706,58.42536,82.76926,2735621.419,1215831.742,1722428.301,22,70,6,800,2.5,20
44,2012,1,Andhra Pradesh,Srikakulam,chickpea,140,1724.14,31.03452,17.2414,31.03452,4344.8328,2413.796,4344.8328,20,60,6.5,600,1.5,16
44,2012,1,Andhra Pradesh,Srikakulam,cotton,17280,475.12,12.82824,5.70144,12.82824,221671.9872,98520.8832,221671.9872,28,65,6,700,3,22
44,2013,1,Andhra Pradesh,Srikakulam,rice,261530,1914.64,47.866,22.97568,42.12208,12518394.98,6008829.59,11016187.58,25,80,6.5,1200,2,18
44,2013,1,Andhra Pradesh,Srikakulam,maize,25070,4732.4,127.7748,56.7888,80.4508,3203314.236,1423695.216,2016901.556,22,70,6,800,2.5,20
44,2013,1,Andhra Pradesh,Srikakulam,chickpea,260,1905.66,34.30188,19.0566,34.30188,8918.4888,4954.716,8918.4888,20,60,6.5,600,1.5,16
44,2013,1,Andhra Pradesh,Srikakulam,cotton,17500,434,11.718,5.208,11.718,205065,91140,205065,28,65,6,700,3,22
44,2014,1,Andhra Pradesh,Srikakulam,rice,272510,2251.58,56.2895,27.01896,49.53476,15339451.65,7362936.79,13498717.45,25,80,6.5,1200,2,18
44,2014,1,Andhra Pradesh,Srikakulam,maize,30350,5324.49,143.76123,63.89388,90.51633,4363153.331,1939179.258,2747170.616,22,70,6,800,2.5,20
44,2014,1,Andhra Pradesh,Srikakulam,chickpea,120,1913.04,34.43472,19.1304,34.43472,4132.1664,2295.648,4132.1664,20,60,6.5,600,1.5,16
44,2014,1,Andhra Pradesh,Srikakulam,cotton,17410,628.09,16.95843,7.53708,16.95843,295246.2663,131220.5628,295246.2663,28,65,6,700,3,22
44,2015,1,Andhra Pradesh,Srikakulam,rice,270130,2459.96,61.499,29.51952,54.11912,16612724.87,7974107.938,14619197.89,25,80,6.5,1200,2,18
44,2015,1,Andhra Pradesh,Srikakulam,maize,33400,5011.98,135.32346,60.14376,85.20366,4519803.564,2008801.584,2845802.244,22,70,6,800,2.5,20
44,2015,1,Andhra Pradesh,Srikakulam,chickpea,60,1916.67,34.50006,19.1667,34.50006,2070.0036,1150.002,2070.0036,20,60,6.5,600,1.5,16
44,2015,1,Andhra Pradesh,Srikakulam,cotton,16680,482.31,13.02237,5.78772,13.02237,217213.1316,96539.1696,217213.1316,28,65,6,700,3,22
44,2016,1,Andhra Pradesh,Srikakulam,rice,268400,2987.93,74.69825,35.85516,65.73446,20049010.3,9623524.944,17643129.06,25,80,6.5,1200,2,18
44,2016,1,Andhra Pradesh,Srikakulam,maize,34560,4962.61,133.99047,59.55132,84.36437,4630710.643,2058093.619,2915632.627,22,70,6,800,2.5,20
44,2016,1,Andhra Pradesh,Srikakulam,chickpea,60,1507.69,27.13842,15.0769,27.13842,1628.3052,904.614,1628.3052,20,60,6.5,600,1.5,16
44,2016,1,Andhra Pradesh,Srikakulam,cotton,14470,494.02,13.33854,5.92824,13.33854,193008.6738,85781.6328,193008.6738,28,65,6,700,3,22
44,2017,1,Andhra Pradesh,Srikakulam,rice,279150,2635.76,65.894,31.62912,57.98672,18394310.1,8829268.848,16186992.89,25,80,6.5,1200,2,18
44,2017,1,Andhra Pradesh,Srikakulam,maize,51910,5384.09,145.37043,64.60908,91.52953,7546179.021,3353857.343,4751297.902,22,70,6,800,2.5,20
44,2017,1,Andhra Pradesh,Srikakulam,chickpea,60,1428.57,25.71426,14.2857,25.71426,1542.8556,857.142,1542.8556,20,60,6.5,600,1.5,16
44,2017,1,Andhra Pradesh,Srikakulam,cotton,14290,556.2,15.0174,6.6744,15.0174,214598.646,95377.176,214598.646,28,65,6,700,3,22
45,1966,1,Andhra Pradesh,Visakhapatnam,rice,152000,598.68,14.967,7.18416,13.17096,2274984,1091992.32,2001985.92,25,80,6.5,1200,2,18
45,1966,1,Andhra Pradesh,Visakhapatnam,maize,2000,500,13.5,6,8.5,27000,12000,17000,22,70,6,800,2.5,20
45,1966,1,Andhra Pradesh,Visakhapatnam,chickpea,500,200,3.6,2,3.6,1800,1000,1800,20,60,6.5,600,1.5,16
45,1967,1,Andhra Pradesh,Visakhapatnam,rice,157000,414.01,10.35025,4.96812,9.10822,1624989.25,779994.84,1429990.54,25,80,6.5,1200,2,18
45,1967,1,Andhra Pradesh,Visakhapatnam,maize,2000,1000,27,12,17,54000,24000,34000,22,70,6,800,2.5,20
45,1967,1,Andhra Pradesh,Visakhapatnam,chickpea,300,333.33,5.99994,3.3333,5.99994,1799.982,999.99,1799.982,20,60,6.5,600,1.5,16
45,1968,1,Andhra Pradesh,Visakhapatnam,rice,123900,718.32,17.958,8.61984,15.80304,2224996.2,1067998.176,1957996.656,25,80,6.5,1200,2,18
45,1968,1,Andhra Pradesh,Visakhapatnam,maize,2100,952.38,25.71426,11.42856,16.19046,53999.946,23999.976,33999.966,22,70,6,800,2.5,20
45,1968,1,Andhra Pradesh,Visakhapatnam,chickpea,200,500,9,5,9,1800,1000,1800,20,60,6.5,600,1.5,16
45,1969,1,Andhra Pradesh,Visakhapatnam,rice,164700,990.89,24.77225,11.89068,21.79958,4079989.575,1958394.996,3590390.826,25,80,6.5,1200,2,18
45,1969,1,Andhra Pradesh,Visakhapatnam,maize,2900,1275.86,34.44822,15.31032,21.68962,99899.838,44399.928,62899.898,22,70,6,800,2.5,20
45,1969,1,Andhra Pradesh,Visakhapatnam,chickpea,200,500,9,5,9,1800,1000,1800,20,60,6.5,600,1.5,16
45,1970,1,Andhra Pradesh,Visakhapatnam,rice,171800,1174.62,29.3655,14.09544,25.84164,5044992.9,2421596.592,4439593.752,25,80,6.5,1200,2,18
45,1970,1,Andhra Pradesh,Visakhapatnam,maize,2400,1250,33.75,15,21.25,81000,36000,51000,22,70,6,800,2.5,20
45,1970,1,Andhra Pradesh,Visakhapatnam,chickpea,200,500,9,5,9,1800,1000,1800,20,60,6.5,600,1.5,16
45,1971,1,Andhra Pradesh,Visakhapatnam,rice,169700,1401.3,35.0325,16.8156,30.8286,5945015.25,2853607.32,5231613.42,25,80,6.5,1200,2,18
45,1971,1,Andhra Pradesh,Visakhapatnam,maize,2600,1000,27,12,17,70200,31200,44200,22,70,6,800,2.5,20
45,1971,1,Andhra Pradesh,Visakhapatnam,chickpea,300,333.33,5.99994,3.3333,5.99994,1799.982,999.99,1799.982,20,60,6.5,600,1.5,16
45,1972,1,Andhra Pradesh,Visakhapatnam,rice,135700,1022.84,25.571,12.27408,22.50248,3469984.7,1665592.656,3053586.536,25,80,6.5,1200,2,18
45,1972,1,Andhra Pradesh,Visakhapatnam,maize,2100,904.76,24.42852,10.85712,15.38092,51299.892,22799.952,32299.932,22,70,6,800,2.5,20
45,1973,1,Andhra Pradesh,Visakhapatnam,rice,116400,931.27,23.28175,11.17524,20.48794,2709995.7,1300797.936,2384796.216,25,80,6.5,1200,2,18
45,1973,1,Andhra Pradesh,Visakhapatnam,maize,1900,1473.68,39.78936,17.68416,25.05256,75599.784,33599.904,47599.864,22,70,6,800,2.5,20
45,1974,1,Andhra Pradesh,Visakhapatnam,rice,131200,900.91,22.52275,10.81092,19.82002,2954984.8,1418392.704,2600386.624,25,80,6.5,1200,2,18
45,1974,1,Andhra Pradesh,Visakhapatnam,maize,1700,1529.41,41.29407,18.35292,25.99997,70199.919,31199.964,44199.949,22,70,6,800,2.5,20
45,1975,1,Andhra Pradesh,Visakhapatnam,rice,166200,1259.93,31.49825,15.11916,27.71846,5235009.15,2512804.392,4606808.052,25,80,6.5,1200,2,18
45,1975,1,Andhra Pradesh,Visakhapatnam,maize,3700,1567.57,42.32439,18.81084,26.64869,156600.243,69600.108,98600.153,22,70,6,800,2.5,20
45,1976,1,Andhra Pradesh,Visakhapatnam,rice,129100,471.73,11.79325,5.66076,10.37806,1522508.575,730804.116,1339807.546,25,80,6.5,1200,2,18
45,1976,1,Andhra Pradesh,Visakhapatnam,maize,5000,880,23.76,10.56,14.96,118800,52800,74800,22,70,6,800,2.5,20
45,1977,1,Andhra Pradesh,Visakhapatnam,rice,150900,933.07,23.32675,11.19684,20.52754,3520006.575,1689603.156,3097605.786,25,80,6.5,1200,2,18
45,1977,1,Andhra Pradesh,Visakhapatnam,maize,5800,1517.24,40.96548,18.20688,25.79308,237599.784,105599.904,149599.864,22,70,6,800,2.5,20
45,1978,1,Andhra Pradesh,Visakhapatnam,rice,157400,1012.07,25.30175,12.14484,22.26554,3982495.45,1911597.816,3504595.996,25,80,6.5,1200,2,18
45,1978,1,Andhra Pradesh,Visakhapatnam,maize,6200,983.87,26.56449,11.80644,16.72579,164699.838,73199.928,103699.898,22,70,6,800,2.5,20
45,1979,1,Andhra Pradesh,Visakhapatnam,rice,150000,1144.67,28.61675,13.73604,25.18274,4292512.5,2060406,3777411,25,80,6.5,1200,2,18
45,1979,1,Andhra Pradesh,Visakhapatnam,maize,6000,1333.33,35.99991,15.99996,22.66661,215999.46,95999.76,135999.66,22,70,6,800,2.5,20
45,1980,1,Andhra Pradesh,Visakhapatnam,rice,166000,1524.1,38.1025,18.2892,33.5302,6325015,3036007.2,5566013.2,25,80,6.5,1200,2,18
45,1980,1,Andhra Pradesh,Visakhapatnam,maize,6000,1216.67,32.85009,14.60004,20.68339,197100.54,87600.24,124100.34,22,70,6,800,2.5,20
45,1980,1,Andhra Pradesh,Visakhapatnam,chickpea,200,500,9,5,9,1800,1000,1800,20,60,6.5,600,1.5,16
45,1981,1,Andhra Pradesh,Visakhapatnam,rice,158000,1050.63,26.26575,12.60756,23.11386,4149988.5,1991994.48,3651989.88,25,80,6.5,1200,2,18
45,1981,1,Andhra Pradesh,Visakhapatnam,maize,6000,3333.33,89.99991,39.99996,56.66661,539999.46,239999.76,339999.66,22,70,6,800,2.5,20
45,1981,1,Andhra Pradesh,Visakhapatnam,chickpea,200,500,9,5,9,1800,1000,1800,20,60,6.5,600,1.5,16
45,1982,1,Andhra Pradesh,Visakhapatnam,rice,126500,905.93,22.64825,10.87116,19.93046,2865003.625,1375201.74,2521203.19,25,80,6.5,1200,2,18
45,1982,1,Andhra Pradesh,Visakhapatnam,maize,6000,2900,78.3,34.8,49.3,469800,208800,295800,22,70,6,800,2.5,20
45,1982,1,Andhra Pradesh,Visakhapatnam,chickpea,100,1000,18,10,18,1800,1000,1800,20,60,6.5,600,1.5,16
45,1983,1,Andhra Pradesh,Visakhapatnam,rice,164900,1576.11,39.40275,18.91332,34.67442,6497513.475,3118806.468,5717811.858,25,80,6.5,1200,2,18
45,1983,1,Andhra Pradesh,Visakhapatnam,maize,5000,4000,108,48,68,540000,240000,340000,22,70,6,800,2.5,20
45,1984,1,Andhra Pradesh,Visakhapatnam,rice,158400,1106.06,27.6515,13.27272,24.33332,4379997.6,2102398.848,3854397.888,25,80,6.5,1200,2,18
45,1984,1,Andhra Pradesh,Visakhapatnam,maize,5900,1288.14,34.77978,15.45768,21.89838,205200.702,91200.312,129200.442,22,70,6,800,2.5,20
45,1984,1,Andhra Pradesh,Visakhapatnam,chickpea,200,500,9,5,9,1800,1000,1800,20,60,6.5,600,1.5,16
45,1985,1,Andhra Pradesh,Visakhapatnam,rice,123800,1294.83,32.37075,15.53796,28.48626,4007498.85,1923599.448,3526598.988,25,80,6.5,1200,2,18
45,1985,1,Andhra Pradesh,Visakhapatnam,maize,6600,1318.18,35.59086,15.81816,22.40906,234899.676,104399.856,147899.796,22,70,6,800,2.5,20
45,1985,1,Andhra Pradesh,Visakhapatnam,chickpea,300,666.67,12.00006,6.6667,12.00006,3600.018,2000.01,3600.018,20,60,6.5,600,1.5,16
45,1986,1,Andhra Pradesh,Visakhapatnam,rice,167000,1485.03,37.12575,17.82036,32.67066,6200000.25,2976000.12,5456000.22,25,80,6.5,1200,2,18
45,1986,1,Andhra Pradesh,Visakhapatnam,maize,7000,1285.71,34.71417,15.42852,21.85707,242999.19,107999.64,152999.49,22,70,6,800,2.5,20
45,1987,1,Andhra Pradesh,Visakhapatnam,rice,87000,1034.48,25.862,12.41376,22.75856,2249994,1079997.12,1979994.72,25,80,6.5,1200,2,18
45,1987,1,Andhra Pradesh,Visakhapatnam,maize,7000,1428.57,38.57139,17.14284,24.28569,269999.73,119999.88,169999.83,22,70,6,800,2.5,20
45,1988,1,Andhra Pradesh,Visakhapatnam,rice,169700,1926.93,48.17325,23.12316,42.39246,8175000.525,3924000.252,7194000.462,25,80,6.5,1200,2,18
45,1988,1,Andhra Pradesh,Visakhapatnam,maize,6600,1606.06,43.36362,19.27272,27.30302,286199.892,127199.952,180199.932,22,70,6,800,2.5,20
45,1989,1,Andhra Pradesh,Visakhapatnam,rice,176000,1948.3,48.7075,23.3796,42.8626,8572520,4114809.6,7543817.6,25,80,6.5,1200,2,18
45,1989,1,Andhra Pradesh,Visakhapatnam,maize,7400,2079.73,56.15271,24.95676,35.35541,415530.054,184680.024,261630.034,22,70,6,800,2.5,20
45,1989,1,Andhra Pradesh,Visakhapatnam,cotton,100,1000,27,12,27,2700,1200,2700,28,65,6,700,3,22
45,1990,1,Andhra Pradesh,Visakhapatnam,rice,184970,1771,44.275,21.252,38.962,8189546.75,3930982.44,7206801.14,25,80,6.5,1200,2,18
45,1990,1,Andhra Pradesh,Visakhapatnam,maize,8840,1890.21,51.03567,22.68252,32.13357,451155.3228,200513.4768,284060.7588,22,70,6,800,2.5,20
45,1990,1,Andhra Pradesh,Visakhapatnam,chickpea,70,1333.33,23.99994,13.3333,23.99994,1679.9958,933.331,1679.9958,20,60,6.5,600,1.5,16
45,1990,1,Andhra Pradesh,Visakhapatnam,cotton,80,400,10.8,4.8,10.8,864,384,864,28,65,6,700,3,22
45,1991,1,Andhra Pradesh,Visakhapatnam,rice,172600,1706.2,42.655,20.4744,37.5364,7362253,3533881.44,6478782.64,25,80,6.5,1200,2,18
45,1991,1,Andhra Pradesh,Visakhapatnam,maize,9670,1838.59,49.64193,22.06308,31.25603,480037.4631,213349.9836,302245.8101,22,70,6,800,2.5,20
45,1991,1,Andhra Pradesh,Visakhapatnam,chickpea,180,714.29,12.85722,7.1429,12.85722,2314.2996,1285.722,2314.2996,20,60,6.5,600,1.5,16
45,1991,1,Andhra Pradesh,Visakhapatnam,cotton,80,600,16.2,7.2,16.2,1296,576,1296,28,65,6,700,3,22
45,1992,1,Andhra Pradesh,Visakhapatnam,rice,185480,1980.35,49.50875,23.7642,43.5677,9182882.95,4407783.816,8080936.996,25,80,6.5,1200,2,18
45,1992,1,Andhra Pradesh,Visakhapatnam,maize,8870,1967.32,53.11764,23.60784,33.44444,471153.4668,209401.5408,296652.1828,22,70,6,800,2.5,20
45,1992,1,Andhra Pradesh,Visakhapatnam,chickpea,140,785.71,14.14278,7.8571,14.14278,1979.9892,1099.994,1979.9892,20,60,6.5,600,1.5,16
45,1992,1,Andhra Pradesh,Visakhapatnam,cotton,450,344.44,9.29988,4.13328,9.29988,4184.946,1859.976,4184.946,28,65,6,700,3,22
45,1993,1,Andhra Pradesh,Visakhapatnam,rice,154500,1381.88,34.547,16.58256,30.40136,5337511.5,2562005.52,4697010.12,25,80,6.5,1200,2,18
45,1993,1,Andhra Pradesh,Visakhapatnam,maize,7000,1142.86,30.85722,13.71432,19.42862,216000.54,96000.24,136000.34,22,70,6,800,2.5,20
45,1994,1,Andhra Pradesh,Visakhapatnam,rice,169000,1461.54,36.5385,17.53848,32.15388,6175006.5,2964003.12,5434005.72,25,80,6.5,1200,2,18
45,1994,1,Andhra Pradesh,Visakhapatnam,maize,9000,1611.11,43.49997,19.33332,27.38887,391499.73,173999.88,246499.83,22,70,6,800,2.5,20
45,1994,1,Andhra Pradesh,Visakhapatnam,cotton,1500,340,9.18,4.08,9.18,13770,6120,13770,28,65,6,700,3,22
45,1995,1,Andhra Pradesh,Visakhapatnam,rice,188000,2000,50,24,44,9400000,4512000,8272000,25,80,6.5,1200,2,18
45,1995,1,Andhra Pradesh,Visakhapatnam,maize,8500,1941.18,52.41186,23.29416,33.00006,445500.81,198000.36,280500.51,22,70,6,800,2.5,20
45,1995,1,Andhra Pradesh,Visakhapatnam,cotton,3000,283.33,7.64991,3.39996,7.64991,22949.73,10199.88,22949.73,28,65,6,700,3,22
45,1996,1,Andhra Pradesh,Visakhapatnam,rice,187000,1927.81,48.19525,23.13372,42.41182,9012511.75,4326005.64,7931010.34,25,80,6.5,1200,2,18
45,1996,1,Andhra Pradesh,Visakhapatnam,maize,9000,2222.22,59.99994,26.66664,37.77774,539999.46,239999.76,339999.66,22,70,6,800,2.5,20
45,1996,1,Andhra Pradesh,Visakhapatnam,cotton,2500,510,13.77,6.12,13.77,34425,15300,34425,28,65,6,700,3,22
45,1997,1,Andhra Pradesh,Visakhapatnam,rice,164500,1115.5,27.8875,13.386,24.541,4587493.75,2201997,4036994.5,25,80,6.5,1200,2,18
45,1997,1,Andhra Pradesh,Visakhapatnam,maize,7000,1714.29,46.28583,20.57148,29.14293,324000.81,144000.36,204000.51,22,70,6,800,2.5,20
45,1997,1,Andhra Pradesh,Visakhapatnam,cotton,3000,510,13.77,6.12,13.77,41310,18360,41310,28,65,6,700,3,22
45,1998,1,Andhra Pradesh,Visakhapatnam,rice,187000,1655.08,41.377,19.86096,36.41176,7737499,3713999.52,6808999.12,25,80,6.5,1200,2,18
45,1998,1,Andhra Pradesh,Visakhapatnam,maize,7500,2000,54,24,34,405000,180000,255000,22,70,6,800,2.5,20
45,1998,1,Andhra Pradesh,Visakhapatnam,cotton,7500,136,3.672,1.632,3.672,27540,12240,27540,28,65,6,700,3,22
45,1999,1,Andhra Pradesh,Visakhapatnam,rice,173510,1577.64,39.441,18.93168,34.70808,6843407.91,3284835.797,6022198.961,25,80,6.5,1200,2,18
45,1999,1,Andhra Pradesh,Visakhapatnam,maize,8600,2178.59,58.82193,26.14308,37.03603,505868.598,224830.488,318509.858,22,70,6,800,2.5,20
45,1999,1,Andhra Pradesh,Visakhapatnam,chickpea,250,1140,20.52,11.4,20.52,5130,2850,5130,20,60,6.5,600,1.5,16
45,1999,1,Andhra Pradesh,Visakhapatnam,cotton,6440,281.61,7.60347,3.37932,7.60347,48966.3468,21762.8208,48966.3468,28,65,6,700,3,22
45,2000,1,Andhra Pradesh,Visakhapatnam,rice,184250,1629.35,40.73375,19.5522,35.8457,7505193.437,3602492.85,6604570.225,25,80,6.5,1200,2,18
45,2000,1,Andhra Pradesh,Visakhapatnam,maize,9260,2012.43,54.33561,24.14916,34.21131,503147.7486,223621.2216,316796.7306,22,70,6,800,2.5,20
45,2000,1,Andhra Pradesh,Visakhapatnam,chickpea,60,2230.77,40.15386,22.3077,40.15386,2409.2316,1338.462,2409.2316,20,60,6.5,600,1.5,16
45,2000,1,Andhra Pradesh,Visakhapatnam,cotton,6050,321.22,8.67294,3.85464,8.67294,52471.287,23320.572,52471.287,28,65,6,700,3,22
45,2001,1,Andhra Pradesh,Visakhapatnam,rice,145400,1770.74,44.2685,21.24888,38.95628,6436639.9,3089587.152,5664243.112,25,80,6.5,1200,2,18
45,2001,1,Andhra Pradesh,Visakhapatnam,maize,10290,2635.88,71.16876,31.63056,44.80996,732326.5404,325478.4624,461094.4884,22,70,6,800,2.5,20
45,2001,1,Andhra Pradesh,Visakhapatnam,chickpea,130,1807.69,32.53842,18.0769,32.53842,4229.9946,2349.997,4229.9946,20,60,6.5,600,1.5,16
45,2001,1,Andhra Pradesh,Visakhapatnam,cotton,8840,443.44,11.97288,5.32128,11.97288,105840.2592,47040.1152,105840.2592,28,65,6,700,3,22
45,2002,1,Andhra Pradesh,Visakhapatnam,rice,111500,1098.65,27.46625,13.1838,24.1703,3062486.875,1469993.7,2694988.45,25,80,6.5,1200,2,18
45,2002,1,Andhra Pradesh,Visakhapatnam,maize,10000,3000,81,36,51,810000,360000,510000,22,70,6,800,2.5,20
45,2002,1,Andhra Pradesh,Visakhapatnam,cotton,7000,315.71,8.52417,3.78852,8.52417,59669.19,26519.64,59669.19,28,65,6,700,3,22
45,2003,1,Andhra Pradesh,Visakhapatnam,rice,145180,1819.64,45.491,21.83568,40.03208,6604383.38,3170104.022,5811857.374,25,80,6.5,1200,2,18
45,2003,1,Andhra Pradesh,Visakhapatnam,maize,14110,2966.69,80.10063,35.60028,50.43373,1130219.889,502319.9508,711619.9303,22,70,6,800,2.5,20
45,2003,1,Andhra Pradesh,Visakhapatnam,chickpea,310,1774.19,31.93542,17.7419,31.93542,9899.9802,5499.989,9899.9802,20,60,6.5,600,1.5,16
45,2003,1,Andhra Pradesh,Visakhapatnam,cotton,11090,267.69,7.22763,3.21228,7.22763,80154.4167,35624.1852,80154.4167,28,65,6,700,3,22
45,2004,1,Andhra Pradesh,Visakhapatnam,rice,161600,1931.53,48.28825,23.17836,42.49366,7803381.2,3745622.976,6866975.456,25,80,6.5,1200,2,18
45,2004,1,Andhra Pradesh,Visakhapatnam,maize,12540,3208.93,86.64111,38.50716,54.55181,1086479.519,482879.7864,684079.6974,22,70,6,800,2.5,20
45,2004,1,Andhra Pradesh,Visakhapatnam,chickpea,110,1590.91,28.63638,15.9091,28.63638,3150.0018,1750.001,3150.0018,20,60,6.5,600,1.5,16
45,2004,1,Andhra Pradesh,Visakhapatnam,cotton,14500,327.13,8.83251,3.92556,8.83251,128071.395,56920.62,128071.395,28,65,6,700,3,22
45,2005,1,Andhra Pradesh,Visakhapatnam,rice,137670,1470.2,36.755,17.6424,32.3444,5060060.85,2428829.208,4452853.548,25,80,6.5,1200,2,18
45,2005,1,Andhra Pradesh,Visakhapatnam,maize,12830,3224.08,87.05016,38.68896,54.80936,1116853.553,496379.3568,703204.0888,22,70,6,800,2.5,20
45,2005,1,Andhra Pradesh,Visakhapatnam,chickpea,80,2000,36,20,36,2880,1600,2880,20,60,6.5,600,1.5,16
45,2005,1,Andhra Pradesh,Visakhapatnam,cotton,10690,181.39,4.89753,2.17668,4.89753,52354.5957,23268.7092,52354.5957,28,65,6,700,3,22
45,2006,1,Andhra Pradesh,Visakhapatnam,rice,154970,2097.37,52.43425,25.16844,46.14214,8125735.722,3900353.147,7150647.436,25,80,6.5,1200,2,18
45,2006,1,Andhra Pradesh,Visakhapatnam,maize,14320,2858.54,77.18058,34.30248,48.59518,1105225.906,491211.5136,695882.9776,22,70,6,800,2.5,20
45,2006,1,Andhra Pradesh,Visakhapatnam,chickpea,120,1913.04,34.43472,19.1304,34.43472,4132.1664,2295.648,4132.1664,20,60,6.5,600,1.5,16
45,2006,1,Andhra Pradesh,Visakhapatnam,cotton,6380,221.79,5.98833,2.66148,5.98833,38205.5454,16980.2424,38205.5454,28,65,6,700,3,22
45,2007,1,Andhra Pradesh,Visakhapatnam,rice,162440,2371.69,59.29225,28.46028,52.17718,9631433.09,4623087.883,8475661.119,25,80,6.5,1200,2,18
45,2007,1,Andhra Pradesh,Visakhapatnam,maize,13470,3221.52,86.98104,38.65824,54.76584,1171634.609,520726.4928,737695.8648,22,70,6,800,2.5,20
45,2007,1,Andhra Pradesh,Visakhapatnam,chickpea,130,1280,23.04,12.8,23.04,2995.2,1664,2995.2,20,60,6.5,600,1.5,16
45,2007,1,Andhra Pradesh,Visakhapatnam,cotton,3930,216.28,5.83956,2.59536,5.83956,22949.4708,10199.7648,22949.4708,28,65,6,700,3,22
45,2008,1,Andhra Pradesh,Visakhapatnam,rice,167390,1961.56,49.039,23.53872,43.15432,8208638.21,3940146.341,7223601.625,25,80,6.5,1200,2,18
45,2008,1,Andhra Pradesh,Visakhapatnam,maize,15560,3171.54,85.63158,38.05848,53.91618,1332427.385,592189.9488,838935.7608,22,70,6,800,2.5,20
45,2008,1,Andhra Pradesh,Visakhapatnam,chickpea,160,1727.27,31.09086,17.2727,31.09086,4974.5376,2763.632,4974.5376,20,60,6.5,600,1.5,16
45,2008,1,Andhra Pradesh,Visakhapatnam,cotton,3600,183.33,4.94991,2.19996,4.94991,17819.676,7919.856,17819.676,28,65,6,700,3,22
45,2009,1,Andhra Pradesh,Visakhapatnam,rice,122530,1576.41,39.41025,18.91692,34.68102,4828937.933,2317890.208,4249465.381,25,80,6.5,1200,2,18
45,2009,1,Andhra Pradesh,Visakhapatnam,maize,15720,3426.03,92.50281,41.11236,58.24251,1454144.173,646286.2992,915572.2572,22,70,6,800,2.5,20
45,2009,1,Andhra Pradesh,Visakhapatnam,chickpea,180,1638.89,29.50002,16.3889,29.50002,5310.0036,2950.002,5310.0036,20,60,6.5,600,1.5,16
45,2009,1,Andhra Pradesh,Visakhapatnam,cotton,5110,326.15,8.80605,3.9138,8.80605,44998.9155,19999.518,44998.9155,28,65,6,700,3,22
45,2010,1,Andhra Pradesh,Visakhapatnam,rice,184320,2040.45,51.01125,24.4854,44.8899,9402393.6,4513148.928,8274106.368,25,80,6.5,1200,2,18
45,2010,1,Andhra Pradesh,Visakhapatnam,maize,16260,3255.15,87.88905,39.0618,55.33755,1429075.953,635144.868,899788.563,22,70,6,800,2.5,20
45,2010,1,Andhra Pradesh,Visakhapatnam,chickpea,180,1666.67,30.00006,16.6667,30.00006,5400.0108,3000.006,5400.0108,20,60,6.5,600,1.5,16
45,2010,1,Andhra Pradesh,Visakhapatnam,cotton,6840,195.91,5.28957,2.35092,5.28957,36180.6588,16080.2928,36180.6588,28,65,6,700,3,22
45,2011,1,Andhra Pradesh,Visakhapatnam,rice,174410,1740.86,43.5215,20.89032,38.29892,7590584.815,3643480.711,6679714.637,25,80,6.5,1200,2,18
45,2011,1,Andhra Pradesh,Visakhapatnam,maize,17800,4475.28,120.83256,53.70336,76.07976,2150819.568,955919.808,1354219.728,22,70,6,800,2.5,20
45,2011,1,Andhra Pradesh,Visakhapatnam,chickpea,200,1487.18,26.76924,14.8718,26.76924,5353.848,2974.36,5353.848,20,60,6.5,600,1.5,16
45,2011,1,Andhra Pradesh,Visakhapatnam,cotton,7250,255.69,6.90363,3.06828,6.90363,50051.3175,22245.03,50051.3175,28,65,6,700,3,22
45,2012,1,Andhra Pradesh,Visakhapatnam,rice,166650,1873.71,46.84275,22.48452,41.22162,7806344.288,3747045.258,6869582.973,25,80,6.5,1200,2,18
45,2012,1,Andhra Pradesh,Visakhapatnam,maize,17520,3889.52,105.01704,46.67424,66.12184,1839898.541,817732.6848,1158454.637,22,70,6,800,2.5,20
45,2012,1,Andhra Pradesh,Visakhapatnam,chickpea,160,1878.79,33.81822,18.7879,33.81822,5410.9152,3006.064,5410.9152,20,60,6.5,600,1.5,16
45,2012,1,Andhra Pradesh,Visakhapatnam,cotton,10340,408.12,11.01924,4.89744,11.01924,113938.9416,50639.5296,113938.9416,28,65,6,700,3,22
45,2013,1,Andhra Pradesh,Visakhapatnam,rice,163790,2015.54,50.3885,24.18648,44.34188,8253132.415,3961503.559,7262756.525,25,80,6.5,1200,2,18
45,2013,1,Andhra Pradesh,Visakhapatnam,maize,21570,3726.3,100.6101,44.7156,63.3471,2170159.857,964515.492,1366396.947,22,70,6,800,2.5,20
45,2013,1,Andhra Pradesh,Visakhapatnam,chickpea,340,1927.54,34.69572,19.2754,34.69572,11796.5448,6553.636,11796.5448,20,60,6.5,600,1.5,16
45,2013,1,Andhra Pradesh,Visakhapatnam,cotton,10450,371.77,10.03779,4.46124,10.03779,104894.9055,46619.958,104894.9055,28,65,6,700,3,22
45,2014,1,Andhra Pradesh,Visakhapatnam,rice,167720,2049.37,51.23425,24.59244,45.08614,8593008.41,4124644.037,7561847.401,25,80,6.5,1200,2,18
45,2014,1,Andhra Pradesh,Visakhapatnam,maize,22670,4349.06,117.42462,52.18872,73.93402,2662016.135,1183118.282,1676084.233,22,70,6,800,2.5,20
45,2014,1,Andhra Pradesh,Visakhapatnam,chickpea,210,1902.44,34.24392,19.0244,34.24392,7191.2232,3995.124,7191.2232,20,60,6.5,600,1.5,16
45,2014,1,Andhra Pradesh,Visakhapatnam,cotton,10690,524.32,14.15664,6.29184,14.15664,151334.4816,67259.7696,151334.4816,28,65,6,700,3,22
45,2015,1,Andhra Pradesh,Visakhapatnam,rice,170960,2438.59,60.96475,29.26308,53.64898,10422533.66,5002816.157,9171829.621,25,80,6.5,1200,2,18
45,2015,1,Andhra Pradesh,Visakhapatnam,maize,23300,4796.09,129.49443,57.55308,81.53353,3017220.219,1340986.764,1899731.249,22,70,6,800,2.5,20
45,2015,1,Andhra Pradesh,Visakhapatnam,chickpea,160,1906.25,34.3125,19.0625,34.3125,5490,3050,5490,20,60,6.5,600,1.5,16
45,2015,1,Andhra Pradesh,Visakhapatnam,cotton,9920,366.43,9.89361,4.39716,9.89361,98144.6112,43619.8272,98144.6112,28,65,6,700,3,22
45,2016,1,Andhra Pradesh,Visakhapatnam,rice,172560,2531.46,63.2865,30.37752,55.69212,10920718.44,5241944.851,9610232.227,25,80,6.5,1200,2,18
45,2016,1,Andhra Pradesh,Visakhapatnam,maize,24640,4819.62,130.12974,57.83544,81.93354,3206396.794,1425065.242,2018842.426,22,70,6,800,2.5,20
45,2016,1,Andhra Pradesh,Visakhapatnam,chickpea,110,1504.35,27.0783,15.0435,27.0783,2978.613,1654.785,2978.613,20,60,6.5,600,1.5,16
45,2016,1,Andhra Pradesh,Visakhapatnam,cotton,8970,351.73,9.49671,4.22076,9.49671,85185.4887,37860.2172,85185.4887,28,65,6,700,3,22
45,2017,1,Andhra Pradesh,Visakhapatnam,rice,173380,2429.45,60.73625,29.1534,53.4479,10530451.02,5054616.492,9266796.902,25,80,6.5,1200,2,18
45,2017,1,Andhra Pradesh,Visakhapatnam,maize,25820,5624.04,151.84908,67.48848,95.60868,3920743.246,1742552.554,2468616.118,22,70,6,800,2.5,20
45,2017,1,Andhra Pradesh,Visakhapatnam,chickpea,130,1427.48,25.69464,14.2748,25.69464,3340.3032,1855.724,3340.3032,20,60,6.5,600,1.5,16
45,2017,1,Andhra Pradesh,Visakhapatnam,cotton,8290,407.71,11.00817,4.89252,11.00817,91257.7293,40558.9908,91257.7293,28,65,6,700,3,22
46,1966,1,Andhra Pradesh,East Godavari,rice,324000,1555.56,38.889,18.66672,34.22232,12600036,6048017.28,11088031.68,25,80,6.5,1200,2,18
46,1966,1,Andhra Pradesh,East Godavari,maize,1000,1000,27,12,17,27000,12000,17000,22,70,6,800,2.5,20
46,1966,1,Andhra Pradesh,East Godavari,chickpea,1000,300,5.4,3,5.4,5400,3000,5400,20,60,6.5,600,1.5,16
46,1967,1,Andhra Pradesh,East Godavari,rice,338000,1556.21,38.90525,18.67452,34.23662,13149974.5,6311987.76,11571977.56,25,80,6.5,1200,2,18
46,1967,1,Andhra Pradesh,East Godavari,maize,2000,1000,27,12,17,54000,24000,34000,22,70,6,800,2.5,20
46,1967,1,Andhra Pradesh,East Godavari,chickpea,900,333.33,5.99994,3.3333,5.99994,5399.946,2999.97,5399.946,20,60,6.5,600,1.5,16
46,1968,1,Andhra Pradesh,East Godavari,rice,269100,1519.88,37.997,18.23856,33.43736,10224992.7,4907996.496,8997993.576,25,80,6.5,1200,2,18
46,1968,1,Andhra Pradesh,East Godavari,maize,1800,555.56,15.00012,6.66672,9.44452,27000.216,12000.096,17000.136,22,70,6,800,2.5,20
46,1968,1,Andhra Pradesh,East Godavari,chickpea,2900,344.83,6.20694,3.4483,6.20694,18000.126,10000.07,18000.126,20,60,6.5,600,1.5,16
46,1969,1,Andhra Pradesh,East Godavari,rice,336000,1165.18,29.1295,13.98216,25.63396,9787512,4698005.76,8613010.56,25,80,6.5,1200,2,18
46,1969,1,Andhra Pradesh,East Godavari,maize,1500,1266.67,34.20009,15.20004,21.53339,51300.135,22800.06,32300.085,22,70,6,800,2.5,20
46,1969,1,Andhra Pradesh,East Godavari,chickpea,1000,300,5.4,3,5.4,5400,3000,5400,20,60,6.5,600,1.5,16
46,1970,1,Andhra Pradesh,East Godavari,rice,338300,1210.76,30.269,14.52912,26.63672,10240002.7,4915201.296,9011202.376,25,80,6.5,1200,2,18
46,1970,1,Andhra Pradesh,East Godavari,maize,1200,1250,33.75,15,21.25,40500,18000,25500,22,70,6,800,2.5,20
46,1970,1,Andhra Pradesh,East Godavari,chickpea,500,200,3.6,2,3.6,1800,1000,1800,20,60,6.5,600,1.5,16
46,1971,1,Andhra Pradesh,East Godavari,rice,336000,1608.04,40.201,19.29648,35.37688,13507536,6483617.28,11886631.68,25,80,6.5,1200,2,18
46,1971,1,Andhra Pradesh,East Godavari,maize,1300,1000,27,12,17,35100,15600,22100,22,70,6,800,2.5,20
46,1971,1,Andhra Pradesh,East Godavari,chickpea,600,166.67,3.00006,1.6667,3.00006,1800.036,1000.02,1800.036,20,60,6.5,600,1.5,16
46,1971,1,Andhra Pradesh,East Godavari,cotton,900,111.11,2.99997,1.33332,2.99997,2699.973,1199.988,2699.973,28,65,6,700,3,22
46,1972,1,Andhra Pradesh,East Godavari,rice,303000,1596.7,39.9175,19.1604,35.1274,12095002.5,5805601.2,10643602.2,25,80,6.5,1200,2,18
46,1972,1,Andhra Pradesh,East Godavari,maize,3000,1266.67,34.20009,15.20004,21.53339,102600.27,45600.12,64600.17,22,70,6,800,2.5,20
46,1972,1,Andhra Pradesh,East Godavari,chickpea,800,125,2.25,1.25,2.25,1800,1000,1800,20,60,6.5,600,1.5,16
46,1972,1,Andhra Pradesh,East Godavari,cotton,1200,83.33,2.24991,0.99996,2.24991,2699.892,1199.952,2699.892,28,65,6,700,3,22
46,1973,1,Andhra Pradesh,East Godavari,rice,315000,1699.68,42.492,20.39616,37.39296,13384980,6424790.4,11778782.4,25,80,6.5,1200,2,18
46,1973,1,Andhra Pradesh,East Godavari,maize,1600,1500,40.5,18,25.5,64800,28800,40800,22,70,6,800,2.5,20
46,1973,1,Andhra Pradesh,East Godavari,chickpea,600,500,9,5,9,5400,3000,5400,20,60,6.5,600,1.5,16
46,1973,1,Andhra Pradesh,East Godavari,cotton,1100,181.82,4.90914,2.18184,4.90914,5400.054,2400.024,5400.054,28,65,6,700,3,22
46,1974,1,Andhra Pradesh,East Godavari,rice,335600,1904.95,47.62375,22.8594,41.9089,15982530.5,7671614.64,14064626.84,25,80,6.5,1200,2,18
46,1974,1,Andhra Pradesh,East Godavari,maize,1800,1722.22,46.49994,20.66664,29.27774,83699.892,37199.952,52699.932,22,70,6,800,2.5,20
46,1974,1,Andhra Pradesh,East Godavari,chickpea,900,333.33,5.99994,3.3333,5.99994,5399.946,2999.97,5399.946,20,60,6.5,600,1.5,16
46,1974,1,Andhra Pradesh,East Godavari,cotton,1200,250,6.75,3,6.75,8100,3600,8100,28,65,6,700,3,22
46,1975,1,Andhra Pradesh,East Godavari,rice,352900,1834.8,45.87,22.0176,40.3656,16187523,7770011.04,14245020.24,25,80,6.5,1200,2,18
46,1975,1,Andhra Pradesh,East Godavari,maize,1600,1625,43.875,19.5,27.625,70200,31200,44200,22,70,6,800,2.5,20
46,1975,1,Andhra Pradesh,East Godavari,chickpea,700,428.57,7.71426,4.2857,7.71426,5399.982,2999.99,5399.982,20,60,6.5,600,1.5,16
46,1975,1,Andhra Pradesh,East Godavari,cotton,900,222.22,5.99994,2.66664,5.99994,5399.946,2399.976,5399.946,28,65,6,700,3,22
46,1976,1,Andhra Pradesh,East Godavari,rice,285800,1406.23,35.15575,16.87476,30.93706,10047513.35,4822806.408,8841811.748,25,80,6.5,1200,2,18
46,1976,1,Andhra Pradesh,East Godavari,maize,1700,941.18,25.41186,11.29416,16.00006,43200.162,19200.072,27200.102,22,70,6,800,2.5,20
46,1976,1,Andhra Pradesh,East Godavari,chickpea,600,500,9,5,9,5400,3000,5400,20,60,6.5,600,1.5,16
46,1976,1,Andhra Pradesh,East Godavari,cotton,700,142.86,3.85722,1.71432,3.85722,2700.054,1200.024,2700.054,28,65,6,700,3,22
46,1977,1,Andhra Pradesh,East Godavari,rice,351500,1990.9,49.7725,23.8908,43.7998,17495033.75,8397616.2,15395629.7,25,80,6.5,1200,2,18
46,1977,1,Andhra Pradesh,East Godavari,maize,1300,1538.46,41.53842,18.46152,26.15382,53999.946,23999.976,33999.966,22,70,6,800,2.5,20
46,1977,1,Andhra Pradesh,East Godavari,chickpea,200,500,9,5,9,1800,1000,1800,20,60,6.5,600,1.5,16
46,1977,1,Andhra Pradesh,East Godavari,cotton,1600,62.5,1.6875,0.75,1.6875,2700,1200,2700,28,65,6,700,3,22
46,1978,1,Andhra Pradesh,East Godavari,rice,376300,2141.38,53.5345,25.69656,47.11036,20145032.35,9669615.528,17727628.47,25,80,6.5,1200,2,18
46,1978,1,Andhra Pradesh,East Godavari,maize,1700,1235.29,33.35283,14.82348,20.99993,56699.811,25199.916,35699.881,22,70,6,800,2.5,20
46,1978,1,Andhra Pradesh,East Godavari,chickpea,100,1000,18,10,18,1800,1000,1800,20,60,6.5,600,1.5,16
46,1978,1,Andhra Pradesh,East Godavari,cotton,1200,166.67,4.50009,2.00004,4.50009,5400.108,2400.048,5400.108,28,65,6,700,3,22
46,1979,1,Andhra Pradesh,East Godavari,rice,326000,2070.55,51.76375,24.8466,45.5521,16874982.5,8099991.6,14849984.6,25,80,6.5,1200,2,18
46,1979,1,Andhra Pradesh,East Godavari,maize,1000,2000,54,24,34,54000,24000,34000,22,70,6,800,2.5,20
46,1979,1,Andhra Pradesh,East Godavari,chickpea,200,500,9,5,9,1800,1000,1800,20,60,6.5,600,1.5,16
46,1979,1,Andhra Pradesh,East Godavari,cotton,1300,230.77,6.23079,2.76924,6.23079,8100.027,3600.012,8100.027,28,65,6,700,3,22
46,1980,1,Andhra Pradesh,East Godavari,rice,369000,2252.03,56.30075,27.02436,49.54466,20774976.75,9971988.84,18281979.54,25,80,6.5,1200,2,18
46,1980,1,Andhra Pradesh,East Godavari,maize,2000,3000,81,36,51,162000,72000,102000,22,70,6,800,2.5,20
46,1980,1,Andhra Pradesh,East Godavari,chickpea,100,1000,18,10,18,1800,1000,1800,20,60,6.5,600,1.5,16
46,1980,1,Andhra Pradesh,East Godavari,cotton,1300,384.62,10.38474,4.61544,10.38474,13500.162,6000.072,13500.162,28,65,6,700,3,22
46,1981,1,Andhra Pradesh,East Godavari,rice,380000,2373.68,59.342,28.48416,52.22096,22549960,10823980.8,19843964.8,25,80,6.5,1200,2,18
46,1981,1,Andhra Pradesh,East Godavari,maize,2000,3000,81,36,51,162000,72000,102000,22,70,6,800,2.5,20
46,1981,1,Andhra Pradesh,East Godavari,chickpea,100,1000,18,10,18,1800,1000,1800,20,60,6.5,600,1.5,16
46,1981,1,Andhra Pradesh,East Godavari,cotton,1500,333.33,8.99991,3.99996,8.99991,13499.865,5999.94,13499.865,28,65,6,700,3,22
46,1982,1,Andhra Pradesh,East Godavari,rice,368100,2452.59,61.31475,29.43108,53.95698,22569959.48,10833580.55,19861564.34,25,80,6.5,1200,2,18
46,1982,1,Andhra Pradesh,East Godavari,maize,1000,4600,124.2,55.2,78.2,124200,55200,78200,22,70,6,800,2.5,20
46,1982,1,Andhra Pradesh,East Godavari,chickpea,100,1000,18,10,18,1800,1000,1800,20,60,6.5,600,1.5,16
46,1982,1,Andhra Pradesh,East Godavari,cotton,1400,285.71,7.71417,3.42852,7.71417,10799.838,4799.928,10799.838,28,65,6,700,3,22
46,1983,1,Andhra Pradesh,East Godavari,rice,436700,2211.13,55.27825,26.53356,48.64486,24140011.78,11587205.65,21243210.36,25,80,6.5,1200,2,18
46,1983,1,Andhra Pradesh,East Godavari,maize,1000,5800,156.6,69.6,98.6,156600,69600,98600,22,70,6,800,2.5,20
46,1983,1,Andhra Pradesh,East Godavari,chickpea,100,1000,18,10,18,1800,1000,1800,20,60,6.5,600,1.5,16
46,1983,1,Andhra Pradesh,East Godavari,cotton,1500,466.67,12.60009,5.60004,12.60009,18900.135,8400.06,18900.135,28,65,6,700,3,22
46,1984,1,Andhra Pradesh,East Godavari,rice,380500,2427.6,60.69,29.1312,53.4072,23092545,11084421.6,20321439.6,25,80,6.5,1200,2,18
46,1984,1,Andhra Pradesh,East Godavari,maize,1500,1800,48.6,21.6,30.6,72900,32400,45900,22,70,6,800,2.5,20
46,1984,1,Andhra Pradesh,East Godavari,chickpea,100,1000,18,10,18,1800,1000,1800,20,60,6.5,600,1.5,16
46,1984,1,Andhra Pradesh,East Godavari,cotton,600,500,13.5,6,13.5,8100,3600,8100,28,65,6,700,3,22
46,1985,1,Andhra Pradesh,East Godavari,rice,377500,2414.57,60.36425,28.97484,53.12054,22787504.38,10938002.1,20053003.85,25,80,6.5,1200,2,18
46,1985,1,Andhra Pradesh,East Godavari,maize,1300,1769.23,47.76921,21.23076,30.07691,62099.973,27599.988,39099.983,22,70,6,800,2.5,20
46,1985,1,Andhra Pradesh,East Godavari,cotton,1200,250,6.75,3,6.75,8100,3600,8100,28,65,6,700,3,22
46,1986,1,Andhra Pradesh,East Godavari,rice,402000,1786.07,44.65175,21.43284,39.29354,17950003.5,8616001.68,15796003.08,25,80,6.5,1200,2,18
46,1986,1,Andhra Pradesh,East Godavari,maize,1000,2000,54,24,34,54000,24000,34000,22,70,6,800,2.5,20
46,1986,1,Andhra Pradesh,East Godavari,cotton,3000,333.33,8.99991,3.99996,8.99991,26999.73,11999.88,26999.73,28,65,6,700,3,22
46,1987,1,Andhra Pradesh,East Godavari,rice,422000,2414.69,60.36725,28.97628,53.12318,25474979.5,12227990.16,22417981.96,25,80,6.5,1200,2,18
46,1987,1,Andhra Pradesh,East Godavari,maize,1000,2000,54,24,34,54000,24000,34000,22,70,6,800,2.5,20
46,1987,1,Andhra Pradesh,East Godavari,cotton,5000,200,5.4,2.4,5.4,27000,12000,27000,28,65,6,700,3,22
46,1988,1,Andhra Pradesh,East Godavari,rice,434700,2724.64,68.116,32.69568,59.94208,29610025.2,14212812.1,26056822.18,25,80,6.5,1200,2,18
46,1988,1,Andhra Pradesh,East Godavari,maize,1400,2142.86,57.85722,25.71432,36.42862,81000.108,36000.048,51000.068,22,70,6,800,2.5,20
46,1988,1,Andhra Pradesh,East Godavari,chickpea,100,1000,18,10,18,1800,1000,1800,20,60,6.5,600,1.5,16
46,1988,1,Andhra Pradesh,East Godavari,cotton,4900,224.49,6.06123,2.69388,6.06123,29700.027,13200.012,29700.027,28,65,6,700,3,22
46,1989,1,Andhra Pradesh,East Godavari,rice,436300,2578.5,64.4625,30.942,56.727,28124988.75,13499994.6,24749990.1,25,80,6.5,1200,2,18
46,1989,1,Andhra Pradesh,East Godavari,maize,2000,3855,104.085,46.26,65.535,208170,92520,131070,22,70,6,800,2.5,20
46,1989,1,Andhra Pradesh,East Godavari,chickpea,100,1000,18,10,18,1800,1000,1800,20,60,6.5,600,1.5,16
46,1989,1,Andhra Pradesh,East Godavari,cotton,5800,396.55,10.70685,4.7586,10.70685,62099.73,27599.88,62099.73,28,65,6,700,3,22
46,1990,1,Andhra Pradesh,East Godavari,rice,382750,1966.11,49.15275,23.59332,43.25442,18813215.06,9030343.23,16555629.25,25,80,6.5,1200,2,18
46,1990,1,Andhra Pradesh,East Godavari,maize,3230,2622.29,70.80183,31.46748,44.57893,228689.9109,101639.9604,143989.9439,22,70,6,800,2.5,20
46,1990,1,Andhra Pradesh,East Godavari,chickpea,30,1000,18,10,18,540,300,540,20,60,6.5,600,1.5,16
46,1990,1,Andhra Pradesh,East Godavari,cotton,4800,493.75,13.33125,5.925,13.33125,63990,28440,63990,28,65,6,700,3,22
46,1991,1,Andhra Pradesh,East Godavari,rice,374240,2247.3,56.1825,26.9676,49.4406,21025738.8,10092354.62,18502650.14,25,80,6.5,1200,2,18
46,1991,1,Andhra Pradesh,East Godavari,maize,2700,2270.37,61.29999,27.24444,38.59629,165509.973,73559.988,104209.983,22,70,6,800,2.5,20
46,1991,1,Andhra Pradesh,East Godavari,chickpea,50,800,14.4,8,14.4,720,400,720,20,60,6.5,600,1.5,16
46,1991,1,Andhra Pradesh,East Godavari,cotton,3600,538.89,14.55003,6.46668,14.55003,52380.108,23280.048,52380.108,28,65,6,700,3,22
46,1992,1,Andhra Pradesh,East Godavari,rice,358610,2569.7,64.2425,30.8364,56.5334,23038002.92,11058241.4,20273442.57,25,80,6.5,1200,2,18
46,1992,1,Andhra Pradesh,East Godavari,maize,3720,2870.97,77.51619,34.45164,48.80649,288360.2268,128160.1008,181560.1428,22,70,6,800,2.5,20
46,1992,1,Andhra Pradesh,East Godavari,chickpea,90,777.78,14.00004,7.7778,14.00004,1260.0036,700.002,1260.0036,20,60,6.5,600,1.5,16
46,1992,1,Andhra Pradesh,East Godavari,cotton,6500,349.23,9.42921,4.19076,9.42921,61289.865,27239.94,61289.865,28,65,6,700,3,22
46,1993,1,Andhra Pradesh,East Godavari,rice,395000,3065.82,76.6455,36.78984,67.44804,30274972.5,14531986.8,26641975.8,25,80,6.5,1200,2,18
46,1993,1,Andhra Pradesh,East Godavari,maize,4000,2750,74.25,33,46.75,297000,132000,187000,22,70,6,800,2.5,20
46,1993,1,Andhra Pradesh,East Godavari,cotton,6000,453.33,12.23991,5.43996,12.23991,73439.46,32639.76,73439.46,28,65,6,700,3,22
46,1994,1,Andhra Pradesh,East Godavari,rice,400000,2512.5,62.8125,30.15,55.275,25125000,12060000,22110000,25,80,6.5,1200,2,18
46,1994,1,Andhra Pradesh,East Godavari,maize,5000,2800,75.6,33.6,47.6,378000,168000,238000,22,70,6,800,2.5,20
46,1994,1,Andhra Pradesh,East Godavari,cotton,12000,354.17,9.56259,4.25004,9.56259,114751.08,51000.48,114751.08,28,65,6,700,3,22
46,1995,1,Andhra Pradesh,East Godavari,rice,418000,2727.27,68.18175,32.72724,59.99994,28499971.5,13679986.32,25079974.92,25,80,6.5,1200,2,18
46,1995,1,Andhra Pradesh,East Godavari,maize,5000,2600,70.2,31.2,44.2,351000,156000,221000,22,70,6,800,2.5,20
46,1995,1,Andhra Pradesh,East Godavari,cotton,15000,351.33,9.48591,4.21596,9.48591,142288.65,63239.4,142288.65,28,65,6,700,3,22
46,1996,1,Andhra Pradesh,East Godavari,rice,422000,2409.95,60.24875,28.9194,53.0189,25424972.5,12203986.8,22373975.8,25,80,6.5,1200,2,18
46,1996,1,Andhra Pradesh,East Godavari,maize,6000,3833.33,103.49991,45.99996,65.16661,620999.46,275999.76,390999.66,22,70,6,800,2.5,20
46,1996,1,Andhra Pradesh,East Godavari,cotton,15000,487.33,13.15791,5.84796,13.15791,197368.65,87719.4,197368.65,28,65,6,700,3,22
46,1997,1,Andhra Pradesh,East Godavari,rice,368000,2502.72,62.568,30.03264,55.05984,23025024,11052011.52,20262021.12,25,80,6.5,1200,2,18
46,1997,1,Andhra Pradesh,East Godavari,maize,6000,2833.33,76.49991,33.99996,48.16661,458999.46,203999.76,288999.66,22,70,6,800,2.5,20
46,1997,1,Andhra Pradesh,East Godavari,cotton,10000,408,11.016,4.896,11.016,110160,48960,110160,28,65,6,700,3,22
46,1998,1,Andhra Pradesh,East Godavari,rice,414000,2521.74,63.0435,30.26088,55.47828,26100009,12528004.32,22968007.92,25,80,6.5,1200,2,18
46,1998,1,Andhra Pradesh,East Godavari,maize,6000,3833.33,103.49991,45.99996,65.16661,620999.46,275999.76,390999.66,22,70,6,800,2.5,20
46,1998,1,Andhra Pradesh,East Godavari,cotton,8000,127.5,3.4425,1.53,3.4425,27540,12240,27540,28,65,6,700,3,22
46,1999,1,Andhra Pradesh,East Godavari,rice,406210,3135.74,78.3935,37.62888,68.98628,31844223.63,15285227.34,28022916.8,25,80,6.5,1200,2,18
46,1999,1,Andhra Pradesh,East Godavari,maize,5790,4314.34,116.48718,51.77208,73.34378,674460.7722,299760.3432,424660.4862,22,70,6,800,2.5,20
46,1999,1,Andhra Pradesh,East Godavari,chickpea,10,1000,18,10,18,180,100,180,20,60,6.5,600,1.5,16
46,1999,1,Andhra Pradesh,East Godavari,cotton,4410,281.18,7.59186,3.37416,7.59186,33480.1026,14880.0456,33480.1026,28,65,6,700,3,22
46,2000,1,Andhra Pradesh,East Godavari,rice,416830,3278.63,81.96575,39.34356,72.12986,34165783.57,16399576.11,30065889.54,25,80,6.5,1200,2,18
46,2000,1,Andhra Pradesh,East Godavari,maize,5510,4678.77,126.32679,56.14524,79.53909,696060.6129,309360.2724,438260.3859,22,70,6,800,2.5,20
46,2000,1,Andhra Pradesh,East Godavari,chickpea,10,2000,36,20,36,360,200,360,20,60,6.5,600,1.5,16
46,2000,1,Andhra Pradesh,East Godavari,cotton,5580,320.79,8.66133,3.84948,8.66133,48330.2214,21480.0984,48330.2214,28,65,6,700,3,22
46,2001,1,Andhra Pradesh,East Godavari,rice,386590,3440.34,86.0085,41.28408,75.68748,33250026.02,15960012.49,29260022.89,25,80,6.5,1200,2,18
46,2001,1,Andhra Pradesh,East Godavari,maize,3800,5271.05,142.31835,63.2526,89.60785,540809.73,240359.88,340509.83,22,70,6,800,2.5,20
46,2001,1,Andhra Pradesh,East Godavari,chickpea,30,1666.67,30.00006,16.6667,30.00006,900.0018,500.001,900.0018,20,60,6.5,600,1.5,16
46,2001,1,Andhra Pradesh,East Godavari,cotton,6290,443.56,11.97612,5.32272,11.97612,75329.7948,33479.9088,75329.7948,28,65,6,700,3,22
46,2002,1,Andhra Pradesh,East Godavari,rice,301000,3465.12,86.628,41.58144,76.23264,26075028,12516013.44,22946024.64,25,80,6.5,1200,2,18
46,2002,1,Andhra Pradesh,East Godavari,maize,7000,6142.86,165.85722,73.71432,104.42862,1161000.54,516000.24,731000.34,22,70,6,800,2.5,20
46,2002,1,Andhra Pradesh,East Godavari,cotton,5000,272,7.344,3.264,7.344,36720,16320,36720,28,65,6,700,3,22
46,2003,1,Andhra Pradesh,East Godavari,rice,399990,4078.98,101.9745,48.94776,89.73756,40788780.25,19578614.52,35894126.62,25,80,6.5,1200,2,18
46,2003,1,Andhra Pradesh,East Godavari,maize,8510,4633.37,125.10099,55.60044,78.76729,1064609.425,473159.7444,670309.6379,22,70,6,800,2.5,20
46,2003,1,Andhra Pradesh,East Godavari,chickpea,10,1000,18,10,18,180,100,180,20,60,6.5,600,1.5,16
46,2003,1,Andhra Pradesh,East Godavari,cotton,8970,506.13,13.66551,6.07356,13.66551,122579.6247,54479.8332,122579.6247,28,65,6,700,3,22
46,2004,1,Andhra Pradesh,East Godavari,rice,387420,3897.35,97.43375,46.7682,85.7417,37747783.43,18118936.04,33218049.41,25,80,6.5,1200,2,18
46,2004,1,Andhra Pradesh,East Godavari,maize,7980,5844.61,157.80447,70.13532,99.35837,1259279.671,559679.8536,792879.7926,22,70,6,800,2.5,20
46,2004,1,Andhra Pradesh,East Godavari,chickpea,10,1000,18,10,18,180,100,180,20,60,6.5,600,1.5,16
46,2004,1,Andhra Pradesh,East Godavari,cotton,16020,483.77,13.06179,5.80524,13.06179,209249.8758,92999.9448,209249.8758,28,65,6,700,3,22
46,2005,1,Andhra Pradesh,East Godavari,rice,387420,2967.45,74.18625,35.6094,65.2839,28741236.98,13795793.75,25292288.54,25,80,6.5,1200,2,18
46,2005,1,Andhra Pradesh,East Godavari,maize,9600,6839.58,184.66866,82.07496,116.27286,1772819.136,787919.616,1116219.456,22,70,6,800,2.5,20
46,2005,1,Andhra Pradesh,East Godavari,chickpea,10,3000,54,30,54,540,300,540,20,60,6.5,600,1.5,16
46,2005,1,Andhra Pradesh,East Godavari,cotton,13940,124.1,3.3507,1.4892,3.3507,46708.758,20759.448,46708.758,28,65,6,700,3,22
46,2006,1,Andhra Pradesh,East Godavari,rice,396890,3511.17,87.77925,42.13404,77.24574,34838706.53,16722579.14,30658061.75,25,80,6.5,1200,2,18
46,2006,1,Andhra Pradesh,East Godavari,maize,7930,8401.01,226.82727,100.81212,142.81717,1798740.251,799440.1116,1132540.158,22,70,6,800,2.5,20
46,2006,1,Andhra Pradesh,East Godavari,chickpea,170,1882.35,33.8823,18.8235,33.8823,5759.991,3199.995,5759.991,20,60,6.5,600,1.5,16
46,2006,1,Andhra Pradesh,East Godavari,cotton,9030,365.45,9.86715,4.3854,9.86715,89100.3645,39600.162,89100.3645,28,65,6,700,3,22
46,2007,1,Andhra Pradesh,East Godavari,rice,410780,3696.84,92.421,44.36208,81.33048,37964698.38,18223055.22,33408934.57,25,80,6.5,1200,2,18
46,2007,1,Andhra Pradesh,East Godavari,maize,7940,6953.4,187.7418,83.4408,118.2078,1490669.892,662519.952,938569.932,22,70,6,800,2.5,20
46,2007,1,Andhra Pradesh,East Godavari,chickpea,630,1285.71,23.14278,12.8571,23.14278,14579.9514,8099.973,14579.9514,20,60,6.5,600,1.5,16
46,2007,1,Andhra Pradesh,East Godavari,cotton,7900,397.47,10.73169,4.76964,10.73169,84780.351,37680.156,84780.351,28,65,6,700,3,22
46,2008,1,Andhra Pradesh,East Godavari,rice,410090,3690.07,92.25175,44.28084,81.18154,37831520.16,18159129.68,33291737.74,25,80,6.5,1200,2,18
46,2008,1,Andhra Pradesh,East Godavari,maize,8180,6633.25,179.09775,79.599,112.76525,1465019.595,651119.82,922419.745,22,70,6,800,2.5,20
46,2008,1,Andhra Pradesh,East Godavari,chickpea,730,1739.73,31.31514,17.3973,31.31514,22860.0522,12700.029,22860.0522,20,60,6.5,600,1.5,16
46,2008,1,Andhra Pradesh,East Godavari,cotton,7430,324.36,8.75772,3.89232,8.75772,65069.8596,28919.9376,65069.8596,28,65,6,700,3,22
46,2009,1,Andhra Pradesh,East Godavari,rice,306580,3500.23,87.50575,42.00276,77.00506,26827512.84,12877206.16,23608211.29,25,80,6.5,1200,2,18
46,2009,1,Andhra Pradesh,East Godavari,maize,8990,7048.94,190.32138,84.58728,119.83198,1710989.206,760439.6472,1077289.5,22,70,6,800,2.5,20
46,2009,1,Andhra Pradesh,East Godavari,chickpea,500,1640,29.52,16.4,29.52,14760,8200,14760,20,60,6.5,600,1.5,16
46,2009,1,Andhra Pradesh,East Godavari,cotton,6850,487.59,13.16493,5.85108,13.16493,90179.7705,40079.898,90179.7705,28,65,6,700,3,22
46,2010,1,Andhra Pradesh,East Godavari,rice,410530,3306.99,82.67475,39.68388,72.75378,33940465.12,16291423.26,29867609.3,25,80,6.5,1200,2,18
46,2010,1,Andhra Pradesh,East Godavari,maize,7930,7074.4,191.0088,84.8928,120.2648,1514699.784,673199.904,953699.864,22,70,6,800,2.5,20
46,2010,1,Andhra Pradesh,East Godavari,chickpea,320,1656.25,29.8125,16.5625,29.8125,9540,5300,9540,20,60,6.5,600,1.5,16
46,2010,1,Andhra Pradesh,East Godavari,cotton,12110,302.23,8.16021,3.62676,8.16021,98820.1431,43920.0636,98820.1431,28,65,6,700,3,22
46,2011,1,Andhra Pradesh,East Godavari,rice,337090,3491.14,87.2785,41.89368,76.80508,29420709.56,14121940.59,25890224.42,25,80,6.5,1200,2,18
46,2011,1,Andhra Pradesh,East Godavari,maize,8540,6526.93,176.22711,78.32316,110.95781,1504979.519,668879.7864,947579.6974,22,70,6,800,2.5,20
46,2011,1,Andhra Pradesh,East Godavari,chickpea,90,1555.56,28.00008,15.5556,28.00008,2520.0072,1400.004,2520.0072,20,60,6.5,600,1.5,16
46,2011,1,Andhra Pradesh,East Godavari,cotton,13150,257.03,6.93981,3.08436,6.93981,91258.5015,40559.334,91258.5015,28,65,6,700,3,22
46,2012,1,Andhra Pradesh,East Godavari,rice,401060,2747.49,68.68725,32.96988,60.44478,27547708.49,13222900.07,24241983.47,25,80,6.5,1200,2,18
46,2012,1,Andhra Pradesh,East Godavari,maize,9980,7374.75,199.11825,88.497,125.37075,1987200.135,883200.06,1251200.085,22,70,6,800,2.5,20
46,2012,1,Andhra Pradesh,East Godavari,chickpea,120,1916.67,34.50006,19.1667,34.50006,4140.0072,2300.004,4140.0072,20,60,6.5,600,1.5,16
46,2012,1,Andhra Pradesh,East Godavari,cotton,16850,328.19,8.86113,3.93828,8.86113,149310.0405,66360.018,149310.0405,28,65,6,700,3,22
46,2013,1,Andhra Pradesh,East Godavari,rice,404680,2994.24,74.856,35.93088,65.87328,30292726.08,14540508.52,26657598.95,25,80,6.5,1200,2,18
46,2013,1,Andhra Pradesh,East Godavari,maize,11200,8367.86,225.93222,100.41432,142.25362,2530440.864,1124640.384,1593240.544,22,70,6,800,2.5,20
46,2013,1,Andhra Pradesh,East Godavari,chickpea,130,2000,36,20,36,4680,2600,4680,20,60,6.5,600,1.5,16
46,2013,1,Andhra Pradesh,East Godavari,cotton,21780,204.32,5.51664,2.45184,5.51664,120152.4192,53401.0752,120152.4192,28,65,6,700,3,22
46,2014,1,Andhra Pradesh,East Godavari,rice,394120,3966.38,99.1595,47.59656,87.26036,39080742.14,18758756.23,34391053.08,25,80,6.5,1200,2,18
46,2014,1,Andhra Pradesh,East Godavari,maize,12910,7804.8,210.7296,93.6576,132.6816,2720519.136,1209119.616,1712919.456,22,70,6,800,2.5,20
46,2014,1,Andhra Pradesh,East Godavari,chickpea,100,1900,34.2,19,34.2,3420,1900,3420,20,60,6.5,600,1.5,16
46,2014,1,Andhra Pradesh,East Godavari,cotton,22430,382.08,10.31616,4.58496,10.31616,231391.4688,102840.6528,231391.4688,28,65,6,700,3,22
46,2015,1,Andhra Pradesh,East Godavari,rice,381740,3786.79,94.66975,45.44148,83.30938,36139230.36,17346830.58,31802522.72,25,80,6.5,1200,2,18
46,2015,1,Andhra Pradesh,East Godavari,maize,11120,9333.63,252.00801,112.00356,158.67171,2802329.071,1245479.587,1764429.415,22,70,6,800,2.5,20
46,2015,1,Andhra Pradesh,East Godavari,chickpea,220,1863.64,33.54552,18.6364,33.54552,7380.0144,4100.008,7380.0144,20,60,6.5,600,1.5,16
46,2015,1,Andhra Pradesh,East Godavari,cotton,20570,526.49,14.21523,6.31788,14.21523,292407.2811,129958.7916,292407.2811,28,65,6,700,3,22
46,2016,1,Andhra Pradesh,East Godavari,rice,383960,4237.51,105.93775,50.85012,93.22522,40675858.49,19524412.08,35794755.47,25,80,6.5,1200,2,18
46,2016,1,Andhra Pradesh,East Godavari,maize,10220,8478.67,228.92409,101.74404,144.13739,2339604.2,1039824.089,1473084.126,22,70,6,800,2.5,20
46,2016,1,Andhra Pradesh,East Godavari,chickpea,1500,1504.99,27.08982,15.0499,27.08982,40634.73,22574.85,40634.73,20,60,6.5,600,1.5,16
46,2016,1,Andhra Pradesh,East Godavari,cotton,12740,476.65,12.86955,5.7198,12.86955,163958.067,72870.252,163958.067,28,65,6,700,3,22
46,2017,1,Andhra Pradesh,East Godavari,rice,386540,4327.61,108.19025,51.93132,95.20742,41819859.24,20073532.43,36801476.13,25,80,6.5,1200,2,18
46,2017,1,Andhra Pradesh,East Godavari,maize,11800,9450.8,255.1716,113.4096,160.6636,3011024.88,1338233.28,1895830.48,22,70,6,800,2.5,20
46,2017,1,Andhra Pradesh,East Godavari,chickpea,1810,1430.78,25.75404,14.3078,25.75404,46614.8124,25897.118,46614.8124,20,60,6.5,600,1.5,16
46,2017,1,Andhra Pradesh,East Godavari,cotton,16360,393.13,10.61451,4.71756,10.61451,173653.3836,77179.2816,173653.3836,28,65,6,700,3,22
47,1966,1,Andhra Pradesh,West Godavari,rice,357000,1644.26,41.1065,19.73112,36.17372,14675020.5,7044009.84,12914018.04,25,80,6.5,1200,2,18
47,1966,1,Andhra Pradesh,West Godavari,maize,400,750,20.25,9,12.75,8100,3600,5100,22,70,6,800,2.5,20
47,1966,1,Andhra Pradesh,West Godavari,chickpea,200,500,9,5,9,1800,1000,1800,20,60,6.5,600,1.5,16
47,1967,1,Andhra Pradesh,West Godavari,rice,377000,1761.27,44.03175,21.13524,38.74794,16599969.75,7967985.48,14607973.38,25,80,6.5,1200,2,18
47,1967,1,Andhra Pradesh,West Godavari,maize,800,1125,30.375,13.5,19.125,24300,10800,15300,22,70,6,800,2.5,20
47,1967,1,Andhra Pradesh,West Godavari,chickpea,200,500,9,5,9,1800,1000,1800,20,60,6.5,600,1.5,16
47,1968,1,Andhra Pradesh,West Godavari,rice,335200,1870.53,46.76325,22.44636,41.15166,15675041.4,7524019.872,13794036.43,25,80,6.5,1200,2,18
47,1968,1,Andhra Pradesh,West Godavari,maize,700,1428.57,38.57139,17.14284,24.28569,26999.973,11999.988,16999.983,22,70,6,800,2.5,20
47,1968,1,Andhra Pradesh,West Godavari,chickpea,200,500,9,5,9,1800,1000,1800,20,60,6.5,600,1.5,16
47,1969,1,Andhra Pradesh,West Godavari,rice,378200,1518.51,37.96275,18.22212,33.40722,14357512.05,6891605.784,12634610.6,25,80,6.5,1200,2,18
47,1969,1,Andhra Pradesh,West Godavari,maize,600,1333.33,35.99991,15.99996,22.66661,21599.946,9599.976,13599.966,22,70,6,800,2.5,20
47,1969,1,Andhra Pradesh,West Godavari,chickpea,300,333.33,5.99994,3.3333,5.99994,1799.982,999.99,1799.982,20,60,6.5,600,1.5,16
47,1970,1,Andhra Pradesh,West Godavari,rice,384400,1714.62,42.8655,20.57544,37.72164,16477498.2,7909199.136,14500198.42,25,80,6.5,1200,2,18
47,1970,1,Andhra Pradesh,West Godavari,maize,700,1285.71,34.71417,15.42852,21.85707,24299.919,10799.964,15299.949,22,70,6,800,2.5,20
47,1970,1,Andhra Pradesh,West Godavari,chickpea,200,500,9,5,9,1800,1000,1800,20,60,6.5,600,1.5,16
47,1971,1,Andhra Pradesh,West Godavari,rice,349300,1919.55,47.98875,23.0346,42.2301,16762470.37,8045985.78,14750973.93,25,80,6.5,1200,2,18
47,1971,1,Andhra Pradesh,West Godavari,maize,700,1285.71,34.71417,15.42852,21.85707,24299.919,10799.964,15299.949,22,70,6,800,2.5,20
47,1971,1,Andhra Pradesh,West Godavari,chickpea,100,1000,18,10,18,1800,1000,1800,20,60,6.5,600,1.5,16
47,1971,1,Andhra Pradesh,West Godavari,cotton,1200,83.33,2.24991,0.99996,2.24991,2699.892,1199.952,2699.892,28,65,6,700,3,22
47,1972,1,Andhra Pradesh,West Godavari,rice,347700,1967.5,49.1875,23.61,43.285,17102493.75,8209197,15050194.5,25,80,6.5,1200,2,18
47,1972,1,Andhra Pradesh,West Godavari,maize,1000,1200,32.4,14.4,20.4,32400,14400,20400,22,70,6,800,2.5,20
47,1973,1,Andhra Pradesh,West Godavari,rice,367200,2047.39,51.18475,24.56868,45.04258,18795040.2,9021619.296,16539635.38,25,80,6.5,1200,2,18
47,1973,1,Andhra Pradesh,West Godavari,maize,1200,1666.67,45.00009,20.00004,28.33339,54000.108,24000.048,34000.068,22,70,6,800,2.5,20
47,1973,1,Andhra Pradesh,West Godavari,cotton,300,333.33,8.99991,3.99996,8.99991,2699.973,1199.988,2699.973,28,65,6,700,3,22
47,1974,1,Andhra Pradesh,West Godavari,rice,379400,2185.82,54.6455,26.22984,48.08804,20732502.7,9951601.296,18244602.38,25,80,6.5,1200,2,18
47,1974,1,Andhra Pradesh,West Godavari,maize,2700,1740.74,46.99998,20.88888,29.59258,126899.946,56399.976,79899.966,22,70,6,800,2.5,20
47,1974,1,Andhra Pradesh,West Godavari,chickpea,200,500,9,5,9,1800,1000,1800,20,60,6.5,600,1.5,16
47,1974,1,Andhra Pradesh,West Godavari,cotton,1000,200,5.4,2.4,5.4,5400,2400,5400,28,65,6,700,3,22
47,1975,1,Andhra Pradesh,West Godavari,rice,410500,2085.26,52.1315,25.02312,45.87572,21399980.75,10271990.76,18831983.06,25,80,6.5,1200,2,18
47,1975,1,Andhra Pradesh,West Godavari,maize,1200,1750,47.25,21,29.75,56700,25200,35700,22,70,6,800,2.5,20
47,1975,1,Andhra Pradesh,West Godavari,chickpea,200,500,9,5,9,1800,1000,1800,20,60,6.5,600,1.5,16
47,1976,1,Andhra Pradesh,West Godavari,rice,317800,1553.18,38.8295,18.63816,34.16996,12340015.1,5923207.248,10859213.29,25,80,6.5,1200,2,18
47,1976,1,Andhra Pradesh,West Godavari,maize,700,1142.86,30.85722,13.71432,19.42862,21600.054,9600.024,13600.034,22,70,6,800,2.5,20
47,1976,1,Andhra Pradesh,West Godavari,chickpea,200,500,9,5,9,1800,1000,1800,20,60,6.5,600,1.5,16
47,1977,1,Andhra Pradesh,West Godavari,rice,413500,2164.45,54.11125,25.9734,47.6179,22375001.88,10740000.9,19690001.65,25,80,6.5,1200,2,18
47,1977,1,Andhra Pradesh,West Godavari,maize,1000,1600,43.2,19.2,27.2,43200,19200,27200,22,70,6,800,2.5,20
47,1978,1,Andhra Pradesh,West Godavari,rice,431900,2287.34,57.1835,27.44808,50.32148,24697553.65,11854825.75,21733847.21,25,80,6.5,1200,2,18
47,1978,1,Andhra Pradesh,West Godavari,maize,1800,1500,40.5,18,25.5,72900,32400,45900,22,70,6,800,2.5,20
47,1979,1,Andhra Pradesh,West Godavari,rice,366000,2453.55,61.33875,29.4426,53.9781,22449982.5,10775991.6,19755984.6,25,80,6.5,1200,2,18
47,1979,1,Andhra Pradesh,West Godavari,maize,2000,1000,27,12,17,54000,24000,34000,22,70,6,800,2.5,20
47,1980,1,Andhra Pradesh,West Godavari,rice,422000,2511.85,62.79625,30.1422,55.2607,26500017.5,12720008.4,23320015.4,25,80,6.5,1200,2,18
47,1980,1,Andhra Pradesh,West Godavari,maize,2000,1150,31.05,13.8,19.55,62100,27600,39100,22,70,6,800,2.5,20
47,1981,1,Andhra Pradesh,West Godavari,rice,434000,2610.6,65.265,31.3272,57.4332,28325010,13596004.8,24926008.8,25,80,6.5,1200,2,18
47,1981,1,Andhra Pradesh,West Godavari,maize,2000,2000,54,24,34,108000,48000,68000,22,70,6,800,2.5,20
47,1982,1,Andhra Pradesh,West Godavari,rice,444700,2877.9,71.9475,34.5348,63.3138,31995053.25,15357625.56,28155646.86,25,80,6.5,1200,2,18
47,1982,1,Andhra Pradesh,West Godavari,maize,1000,2000,54,24,34,54000,24000,34000,22,70,6,800,2.5,20
47,1983,1,Andhra Pradesh,West Godavari,rice,476500,2390.35,59.75875,28.6842,52.5877,28475044.37,13668021.3,25058039.05,25,80,6.5,1200,2,18
47,1983,1,Andhra Pradesh,West Godavari,maize,1000,3200,86.4,38.4,54.4,86400,38400,54400,22,70,6,800,2.5,20
47,1984,1,Andhra Pradesh,West Godavari,rice,439500,2716.5,67.9125,32.598,59.763,29847543.75,14326821,26265838.5,25,80,6.5,1200,2,18
47,1984,1,Andhra Pradesh,West Godavari,maize,1200,2416.67,65.25009,29.00004,41.08339,78300.108,34800.048,49300.068,22,70,6,800,2.5,20
47,1984,1,Andhra Pradesh,West Godavari,cotton,300,333.33,8.99991,3.99996,8.99991,2699.973,1199.988,2699.973,28,65,6,700,3,22
47,1985,1,Andhra Pradesh,West Godavari,rice,462500,2596.54,64.9135,31.15848,57.12388,30022493.75,14410797,26419794.5,25,80,6.5,1200,2,18
47,1985,1,Andhra Pradesh,West Godavari,maize,1200,2083.33,56.24991,24.99996,35.41661,67499.892,29999.952,42499.932,22,70,6,800,2.5,20
47,1985,1,Andhra Pradesh,West Godavari,cotton,200,500,13.5,6,13.5,2700,1200,2700,28,65,6,700,3,22
47,1986,1,Andhra Pradesh,West Godavari,rice,477000,1802.94,45.0735,21.63528,39.66468,21500059.5,10320028.56,18920052.36,25,80,6.5,1200,2,18
47,1986,1,Andhra Pradesh,West Godavari,maize,1000,2000,54,24,34,54000,24000,34000,22,70,6,800,2.5,20
47,1986,1,Andhra Pradesh,West Godavari,cotton,200,500,13.5,6,13.5,2700,1200,2700,28,65,6,700,3,22
47,1987,1,Andhra Pradesh,West Godavari,rice,455000,2683.52,67.088,32.20224,59.03744,30525040,14652019.2,26862035.2,25,80,6.5,1200,2,18
47,1987,1,Andhra Pradesh,West Godavari,maize,300,1666.67,45.00009,20.00004,28.33339,13500.027,6000.012,8500.017,22,70,6,800,2.5,20
47,1987,1,Andhra Pradesh,West Godavari,cotton,1000,300,8.1,3.6,8.1,8100,3600,8100,28,65,6,700,3,22
47,1988,1,Andhra Pradesh,West Godavari,rice,494600,3045.69,76.14225,36.54828,67.00518,37659956.85,18076779.29,33140762.03,25,80,6.5,1200,2,18
47,1988,1,Andhra Pradesh,West Godavari,maize,1500,2400,64.8,28.8,40.8,97200,43200,61200,22,70,6,800,2.5,20
47,1988,1,Andhra Pradesh,West Godavari,cotton,1700,235.29,6.35283,2.82348,6.35283,10799.811,4799.916,10799.811,28,65,6,700,3,22
47,1989,1,Andhra Pradesh,West Godavari,rice,497600,2138.06,53.4515,25.65672,47.03732,26597466.4,12766783.87,23405770.43,25,80,6.5,1200,2,18
47,1989,1,Andhra Pradesh,West Godavari,maize,2700,4148.15,112.00005,49.7778,70.51855,302400.135,134400.06,190400.085,22,70,6,800,2.5,20
47,1989,1,Andhra Pradesh,West Godavari,cotton,5800,396.55,10.70685,4.7586,10.70685,62099.73,27599.88,62099.73,28,65,6,700,3,22
47,1990,1,Andhra Pradesh,West Godavari,rice,437050,2302.64,57.566,27.63168,50.65808,25159220.3,12076425.74,22140113.86,25,80,6.5,1200,2,18
47,1990,1,Andhra Pradesh,West Godavari,maize,1710,2748.54,74.21058,32.98248,46.72518,126900.0918,56400.0408,79900.0578,22,70,6,800,2.5,20
47,1990,1,Andhra Pradesh,West Godavari,cotton,2400,495.83,13.38741,5.94996,13.38741,32129.784,14279.904,32129.784,28,65,6,700,3,22
47,1991,1,Andhra Pradesh,West Godavari,rice,394880,2560.32,64.008,30.72384,56.32704,25275479.04,12132229.94,22242421.56,25,80,6.5,1200,2,18
47,1991,1,Andhra Pradesh,West Godavari,maize,1570,2617.83,70.68141,31.41396,44.50311,110969.8137,49319.9172,69869.8827,22,70,6,800,2.5,20
47,1991,1,Andhra Pradesh,West Godavari,cotton,1220,540.98,14.60646,6.49176,14.60646,17819.8812,7919.9472,17819.8812,28,65,6,700,3,22
47,1992,1,Andhra Pradesh,West Godavari,rice,443860,2911.75,72.79375,34.941,64.0585,32310233.88,15508912.26,28433005.81,25,80,6.5,1200,2,18
47,1992,1,Andhra Pradesh,West Godavari,maize,4020,3039.8,82.0746,36.4776,51.6766,329939.892,146639.952,207739.932,22,70,6,800,2.5,20
47,1992,1,Andhra Pradesh,West Godavari,cotton,1660,349.4,9.4338,4.1928,9.4338,15660.108,6960.048,15660.108,28,65,6,700,3,22
47,1993,1,Andhra Pradesh,West Godavari,rice,423000,3229.31,80.73275,38.75172,71.04482,34149953.25,16391977.56,30051958.86,25,80,6.5,1200,2,18
47,1993,1,Andhra Pradesh,West Godavari,maize,3000,3333.33,89.99991,39.99996,56.66661,269999.73,119999.88,169999.83,22,70,6,800,2.5,20
47,1993,1,Andhra Pradesh,West Godavari,cotton,3000,396.67,10.71009,4.76004,10.71009,32130.27,14280.12,32130.27,28,65,6,700,3,22
47,1994,1,Andhra Pradesh,West Godavari,rice,461000,3127.98,78.1995,37.53576,68.81556,36049969.5,17303985.36,31723973.16,25,80,6.5,1200,2,18
47,1994,1,Andhra Pradesh,West Godavari,maize,5000,3200,86.4,38.4,54.4,432000,192000,272000,22,70,6,800,2.5,20
47,1994,1,Andhra Pradesh,West Godavari,cotton,4000,382.5,10.3275,4.59,10.3275,41310,18360,41310,28,65,6,700,3,22
47,1995,1,Andhra Pradesh,West Godavari,rice,468000,2685.9,67.1475,32.2308,59.0898,31425030,15084014.4,27654026.4,25,80,6.5,1200,2,18
47,1995,1,Andhra Pradesh,West Godavari,maize,5000,3200,86.4,38.4,54.4,432000,192000,272000,22,70,6,800,2.5,20
47,1995,1,Andhra Pradesh,West Godavari,cotton,5000,340,9.18,4.08,9.18,45900,20400,45900,28,65,6,700,3,22
47,1996,1,Andhra Pradesh,West Godavari,rice,468000,2420.94,60.5235,29.05128,53.26068,28324998,13595999.04,24925998.24,25,80,6.5,1200,2,18
47,1996,1,Andhra Pradesh,West Godavari,maize,6000,4166.67,112.50009,50.00004,70.83339,675000.54,300000.24,425000.34,22,70,6,800,2.5,20
47,1996,1,Andhra Pradesh,West Godavari,cotton,5000,476,12.852,5.712,12.852,64260,28560,64260,28,65,6,700,3,22
47,1997,1,Andhra Pradesh,West Godavari,rice,440000,2972.73,74.31825,35.67276,65.40006,32700030,15696014.4,28776026.4,25,80,6.5,1200,2,18
47,1997,1,Andhra Pradesh,West Godavari,maize,9000,3888.89,105.00003,46.66668,66.11113,945000.27,420000.12,595000.17,22,70,6,800,2.5,20
47,1997,1,Andhra Pradesh,West Godavari,cotton,4000,340,9.18,4.08,9.18,36720,16320,36720,28,65,6,700,3,22
47,1998,1,Andhra Pradesh,West Godavari,rice,456000,3278.51,81.96275,39.34212,72.12722,37375014,17940006.72,32890012.32,25,80,6.5,1200,2,18
47,1998,1,Andhra Pradesh,West Godavari,maize,10000,4700,126.9,56.4,79.9,1269000,564000,799000,22,70,6,800,2.5,20
47,1998,1,Andhra Pradesh,West Godavari,cotton,3000,170,4.59,2.04,4.59,13770,6120,13770,28,65,6,700,3,22
47,1999,1,Andhra Pradesh,West Godavari,rice,460460,3184.58,79.6145,38.21496,70.06076,36659292.67,17596460.48,32260177.55,25,80,6.5,1200,2,18
47,1999,1,Andhra Pradesh,West Godavari,maize,11900,4685.71,126.51417,56.22852,79.65707,1505518.623,669119.388,947919.133,22,70,6,800,2.5,20
47,1999,1,Andhra Pradesh,West Godavari,chickpea,60,1166.67,21.00006,11.6667,21.00006,1260.0036,700.002,1260.0036,20,60,6.5,600,1.5,16
47,1999,1,Andhra Pradesh,West Godavari,cotton,1550,277.42,7.49034,3.32904,7.49034,11610.027,5160.012,11610.027,28,65,6,700,3,22
47,2000,1,Andhra Pradesh,West Godavari,rice,471670,3504.31,87.60775,42.05172,77.09482,41321947.44,19834534.77,36363313.75,25,80,6.5,1200,2,18
47,2000,1,Andhra Pradesh,West Godavari,maize,18690,5036.92,135.99684,60.44304,85.62764,2541780.94,1129680.418,1600380.592,22,70,6,800,2.5,20
47,2000,1,Andhra Pradesh,West Godavari,chickpea,10,1000,18,10,18,180,100,180,20,60,6.5,600,1.5,16
47,2000,1,Andhra Pradesh,West Godavari,cotton,2030,320.2,8.6454,3.8424,8.6454,17550.162,7800.072,17550.162,28,65,6,700,3,22
47,2001,1,Andhra Pradesh,West Godavari,rice,414200,3556.57,88.91425,42.67884,78.24454,36828282.35,17677575.53,32408888.47,25,80,6.5,1200,2,18
47,2001,1,Andhra Pradesh,West Godavari,maize,13480,6228.49,168.16923,74.74188,105.88433,2266921.22,1007520.542,1427320.768,22,70,6,800,2.5,20
47,2001,1,Andhra Pradesh,West Godavari,chickpea,10,1000,18,10,18,180,100,180,20,60,6.5,600,1.5,16
47,2001,1,Andhra Pradesh,West Godavari,cotton,3270,443.43,11.97261,5.32116,11.97261,39150.4347,17400.1932,39150.4347,28,65,6,700,3,22
47,2002,1,Andhra Pradesh,West Godavari,rice,332000,3512.05,87.80125,42.1446,77.2651,29150015,13992007.2,25652013.2,25,80,6.5,1200,2,18
47,2002,1,Andhra Pradesh,West Godavari,maize,18000,6722.22,181.49994,80.66664,114.27774,3266998.92,1451999.52,2056999.32,22,70,6,800,2.5,20
47,2002,1,Andhra Pradesh,West Godavari,cotton,1000,340,9.18,4.08,9.18,9180,4080,9180,28,65,6,700,3,22
47,2003,1,Andhra Pradesh,West Godavari,rice,410220,4094.68,102.367,49.13616,90.08296,41992990.74,20156635.56,36953831.85,25,80,6.5,1200,2,18
47,2003,1,Andhra Pradesh,West Godavari,maize,27820,5327.82,143.85114,63.93384,90.57294,4001938.715,1778639.429,2519739.191,22,70,6,800,2.5,20
47,2003,1,Andhra Pradesh,West Godavari,cotton,3760,505.32,13.64364,6.06384,13.64364,51300.0864,22800.0384,51300.0864,28,65,6,700,3,22
47,2004,1,Andhra Pradesh,West Godavari,rice,420000,3927.55,98.18875,47.1306,86.4061,41239275,19794852,36290562,25,80,6.5,1200,2,18
47,2004,1,Andhra Pradesh,West Godavari,maize,23660,5973.37,161.28099,71.68044,101.54729,3815908.223,1695959.21,2402608.881,22,70,6,800,2.5,20
47,2004,1,Andhra Pradesh,West Godavari,cotton,8730,483.39,13.05153,5.80068,13.05153,113939.8569,50639.9364,113939.8569,28,65,6,700,3,22
47,2005,1,Andhra Pradesh,West Godavari,rice,446020,3056.52,76.413,36.67824,67.24344,34081726.26,16359228.6,29991919.11,25,80,6.5,1200,2,18
47,2005,1,Andhra Pradesh,West Godavari,maize,29120,5619.51,151.72677,67.43412,95.53167,4418283.542,1963681.574,2781882.23,22,70,6,800,2.5,20
47,2005,1,Andhra Pradesh,West Godavari,cotton,11200,411.61,11.11347,4.93932,11.11347,124470.864,55320.384,124470.864,28,65,6,700,3,22
47,2006,1,Andhra Pradesh,West Godavari,rice,434040,3587.48,89.687,43.04976,78.92456,38927745.48,18685317.83,34256416.02,25,80,6.5,1200,2,18
47,2006,1,Andhra Pradesh,West Godavari,maize,30450,6724.14,181.55178,80.68968,114.31038,5528251.701,2457000.756,3480751.071,22,70,6,800,2.5,20
47,2006,1,Andhra Pradesh,West Godavari,cotton,4370,524.03,14.14881,6.28836,14.14881,61830.2997,27480.1332,61830.2997,28,65,6,700,3,22
47,2007,1,Andhra Pradesh,West Godavari,rice,445320,3680.81,92.02025,44.16972,80.97782,40978457.73,19669659.71,36061042.8,25,80,6.5,1200,2,18
47,2007,1,Andhra Pradesh,West Godavari,maize,35910,6794.21,183.44367,81.53052,115.50157,6587462.19,2927760.973,4147661.379,22,70,6,800,2.5,20
47,2007,1,Andhra Pradesh,West Godavari,cotton,4500,684.44,18.47988,8.21328,18.47988,83159.46,36959.76,83159.46,28,65,6,700,3,22
47,2008,1,Andhra Pradesh,West Godavari,rice,450460,3552.77,88.81925,42.63324,78.16094,40009519.36,19204569.29,35208377.03,25,80,6.5,1200,2,18
47,2008,1,Andhra Pradesh,West Godavari,maize,48100,7871.1,212.5197,94.4532,133.8087,10222197.57,4543198.92,6436198.47,22,70,6,800,2.5,20
47,2008,1,Andhra Pradesh,West Godavari,cotton,3510,612.54,16.53858,7.35048,16.53858,58050.4158,25800.1848,58050.4158,28,65,6,700,3,22
47,2009,1,Andhra Pradesh,West Godavari,rice,328580,3393.57,84.83925,40.72284,74.65854,27876480.76,13380710.77,24531303.07,25,80,6.5,1200,2,18
47,2009,1,Andhra Pradesh,West Godavari,maize,46880,6877.35,185.68845,82.5282,116.91495,8705074.536,3868922.016,5480972.856,22,70,6,800,2.5,20
47,2009,1,Andhra Pradesh,West Godavari,chickpea,200,1650,29.7,16.5,29.7,5940,3300,5940,20,60,6.5,600,1.5,16
47,2009,1,Andhra Pradesh,West Godavari,cotton,2520,547.62,14.78574,6.57144,14.78574,37260.0648,16560.0288,37260.0648,28,65,6,700,3,22
47,2010,1,Andhra Pradesh,West Godavari,rice,456520,3264.52,81.613,39.17424,71.81944,37257966.76,17883824.04,32787010.75,25,80,6.5,1200,2,18
47,2010,1,Andhra Pradesh,West Godavari,maize,44680,6885.86,185.91822,82.63032,117.05962,8306826.07,3691922.698,5230223.822,22,70,6,800,2.5,20
47,2010,1,Andhra Pradesh,West Godavari,cotton,3960,386.36,10.43172,4.63632,10.43172,41309.6112,18359.8272,41309.6112,28,65,6,700,3,22
47,2011,1,Andhra Pradesh,West Godavari,rice,363790,3596.77,89.91925,43.16124,79.12894,32711723.96,15701627.5,28786317.08,25,80,6.5,1200,2,18
47,2011,1,Andhra Pradesh,West Godavari,maize,48360,6712.99,181.25073,80.55588,114.12083,8765285.303,3895682.357,5518883.339,22,70,6,800,2.5,20
47,2011,1,Andhra Pradesh,West Godavari,cotton,5130,364.52,9.84204,4.37424,9.84204,50489.6652,22439.8512,50489.6652,28,65,6,700,3,22
47,2012,1,Andhra Pradesh,West Godavari,rice,422510,3051.62,76.2905,36.61944,67.13564,32233499.15,15472079.59,28365479.26,25,80,6.5,1200,2,18
47,2012,1,Andhra Pradesh,West Godavari,maize,52870,5993.57,161.82639,71.92284,101.89069,8555761.239,3802560.551,5386960.78,22,70,6,800,2.5,20
47,2012,1,Andhra Pradesh,West Godavari,cotton,6430,573.87,15.49449,6.88644,15.49449,99629.5707,44279.8092,99629.5707,28,65,6,700,3,22
47,2013,1,Andhra Pradesh,West Godavari,rice,420620,3191.34,79.7835,38.29608,70.20948,33558535.77,16108097.17,29531511.48,25,80,6.5,1200,2,18
47,2013,1,Andhra Pradesh,West Godavari,maize,53870,7086.13,191.32551,85.03356,120.46421,10306705.22,4580757.877,6489406.993,22,70,6,800,2.5,20
47,2013,1,Andhra Pradesh,West Godavari,cotton,5240,448.47,12.10869,5.38164,12.10869,63449.5356,28199.7936,63449.5356,28,65,6,700,3,22
47,2014,1,Andhra Pradesh,West Godavari,rice,409290,3968.63,99.21575,47.62356,87.30986,40608014.32,19491846.87,35735052.6,25,80,6.5,1200,2,18
47,2014,1,Andhra Pradesh,West Godavari,maize,55270,6692.42,180.69534,80.30904,113.77114,9987031.442,4438680.641,6288130.908,22,70,6,800,2.5,20
47,2014,1,Andhra Pradesh,West Godavari,chickpea,40,2250,40.5,22.5,40.5,1620,900,1620,20,60,6.5,600,1.5,16
47,2014,1,Andhra Pradesh,West Godavari,cotton,9800,254.08,6.86016,3.04896,6.86016,67229.568,29879.808,67229.568,28,65,6,700,3,22
47,2015,1,Andhra Pradesh,West Godavari,rice,403800,3859.61,96.49025,46.31532,84.91142,38962762.95,18702126.22,34287231.4,25,80,6.5,1200,2,18
47,2015,1,Andhra Pradesh,West Godavari,maize,56370,7036.72,189.99144,84.44064,119.62424,10709817.47,4759918.877,6743218.409,22,70,6,800,2.5,20
47,2015,1,Andhra Pradesh,West Godavari,chickpea,30,1666.67,30.00006,16.6667,30.00006,900.0018,500.001,900.0018,20,60,6.5,600,1.5,16
47,2015,1,Andhra Pradesh,West Godavari,cotton,8390,594.76,16.05852,7.13712,16.05852,134730.9828,59880.4368,134730.9828,28,65,6,700,3,22
47,2016,1,Andhra Pradesh,West Godavari,rice,399410,4171.38,104.2845,50.05656,91.77036,41652272.15,19993090.63,36653999.49,25,80,6.5,1200,2,18
47,2016,1,Andhra Pradesh,West Godavari,maize,58300,8624.61,232.86447,103.49532,146.61837,13575998.6,6033777.156,8547850.971,22,70,6,800,2.5,20
47,2016,1,Andhra Pradesh,West Godavari,cotton,4610,576.55,15.56685,6.9186,15.56685,71763.1785,31894.746,71763.1785,28,65,6,700,3,22
47,2017,1,Andhra Pradesh,West Godavari,rice,393220,4307.75,107.69375,51.693,94.7705,42347336.38,20326721.46,37265656.01,25,80,6.5,1200,2,18
47,2017,1,Andhra Pradesh,West Godavari,maize,59430,7191.43,194.16861,86.29716,122.25431,11539440.49,5128640.219,7265573.643,22,70,6,800,2.5,20
47,2017,1,Andhra Pradesh,West Godavari,chickpea,30,1424.24,25.63632,14.2424,25.63632,769.0896,427.272,769.0896,20,60,6.5,600,1.5,16
47,2017,1,Andhra Pradesh,West Godavari,cotton,4530,556.31,15.02037,6.67572,15.02037,68042.2761,30241.0116,68042.2761,28,65,6,700,3,22
48,1966,1,Andhra Pradesh,Krishna,rice,373000,1286.86,32.1715,15.44232,28.31092,11999969.5,5759985.36,10559973.16,25,80,6.5,1200,2,18
48,1966,1,Andhra Pradesh,Krishna,maize,1000,1000,27,12,17,27000,12000,17000,22,70,6,800,2.5,20
48,1966,1,Andhra Pradesh,Krishna,chickpea,1000,200,3.6,2,3.6,3600,2000,3600,20,60,6.5,600,1.5,16
48,1966,1,Andhra Pradesh,Krishna,cotton,5000,80,2.16,0.96,2.16,10800,4800,10800,28,65,6,700,3,22
48,1967,1,Andhra Pradesh,Krishna,rice,400000,1617.5,40.4375,19.41,35.585,16175000,7764000,14234000,25,80,6.5,1200,2,18
48,1967,1,Andhra Pradesh,Krishna,maize,2000,1000,27,12,17,54000,24000,34000,22,70,6,800,2.5,20
48,1967,1,Andhra Pradesh,Krishna,chickpea,1000,200,3.6,2,3.6,3600,2000,3600,20,60,6.5,600,1.5,16
48,1967,1,Andhra Pradesh,Krishna,cotton,6000,500,13.5,6,13.5,81000,36000,81000,28,65,6,700,3,22
48,1968,1,Andhra Pradesh,Krishna,rice,384100,1202.81,30.07025,14.43372,26.46182,11549983.02,5543991.852,10163985.06,25,80,6.5,1200,2,18
48,1968,1,Andhra Pradesh,Krishna,maize,1600,1250,33.75,15,21.25,54000,24000,34000,22,70,6,800,2.5,20
48,1968,1,Andhra Pradesh,Krishna,chickpea,900,222.22,3.99996,2.2222,3.99996,3599.964,1999.98,3599.964,20,60,6.5,600,1.5,16
48,1968,1,Andhra Pradesh,Krishna,cotton,2000,100,2.7,1.2,2.7,5400,2400,5400,28,65,6,700,3,22
48,1969,1,Andhra Pradesh,Krishna,rice,379800,1126.38,28.1595,13.51656,24.78036,10694978.1,5133589.488,9411580.728,25,80,6.5,1200,2,18
48,1969,1,Andhra Pradesh,Krishna,maize,1500,1200,32.4,14.4,20.4,48600,21600,30600,22,70,6,800,2.5,20
48,1969,1,Andhra Pradesh,Krishna,chickpea,1000,300,5.4,3,5.4,5400,3000,5400,20,60,6.5,600,1.5,16
48,1969,1,Andhra Pradesh,Krishna,cotton,1700,176.47,4.76469,2.11764,4.76469,8099.973,3599.988,8099.973,28,65,6,700,3,22
48,1970,1,Andhra Pradesh,Krishna,rice,351100,1616.35,40.40875,19.3962,35.5597,14187512.13,6810005.82,12485010.67,25,80,6.5,1200,2,18
48,1970,1,Andhra Pradesh,Krishna,maize,1200,1250,33.75,15,21.25,40500,18000,25500,22,70,6,800,2.5,20
48,1970,1,Andhra Pradesh,Krishna,chickpea,800,500,9,5,9,7200,4000,7200,20,60,6.5,600,1.5,16
48,1970,1,Andhra Pradesh,Krishna,cotton,3600,222.22,5.99994,2.66664,5.99994,21599.784,9599.904,21599.784,28,65,6,700,3,22
48,1971,1,Andhra Pradesh,Krishna,rice,348200,1641.87,41.04675,19.70244,36.12114,14292478.35,6860389.608,12577380.95,25,80,6.5,1200,2,18
48,1971,1,Andhra Pradesh,Krishna,maize,1200,1083.33,29.24991,12.99996,18.41661,35099.892,15599.952,22099.932,22,70,6,800,2.5,20
48,1971,1,Andhra Pradesh,Krishna,chickpea,700,428.57,7.71426,4.2857,7.71426,5399.982,2999.99,5399.982,20,60,6.5,600,1.5,16
48,1971,1,Andhra Pradesh,Krishna,cotton,6900,318.84,8.60868,3.82608,8.60868,59399.892,26399.952,59399.892,28,65,6,700,3,22
48,1972,1,Andhra Pradesh,Krishna,rice,301600,1581.9,39.5475,18.9828,34.8018,11927526,5725212.48,10496222.88,25,80,6.5,1200,2,18
48,1972,1,Andhra Pradesh,Krishna,maize,1600,1062.5,28.6875,12.75,18.0625,45900,20400,28900,22,70,6,800,2.5,20
48,1972,1,Andhra Pradesh,Krishna,chickpea,700,285.71,5.14278,2.8571,5.14278,3599.946,1999.97,3599.946,20,60,6.5,600,1.5,16
48,1972,1,Andhra Pradesh,Krishna,cotton,5800,327.59,8.84493,3.93108,8.84493,51300.594,22800.264,51300.594,28,65,6,700,3,22
48,1973,1,Andhra Pradesh,Krishna,rice,322800,1706.32,42.658,20.47584,37.53904,13770002.4,6609601.152,12117602.11,25,80,6.5,1200,2,18
48,1973,1,Andhra Pradesh,Krishna,maize,2000,1450,39.15,17.4,24.65,78300,34800,49300,22,70,6,800,2.5,20
48,1973,1,Andhra Pradesh,Krishna,chickpea,600,333.33,5.99994,3.3333,5.99994,3599.964,1999.98,3599.964,20,60,6.5,600,1.5,16
48,1973,1,Andhra Pradesh,Krishna,cotton,4200,285.71,7.71417,3.42852,7.71417,32399.514,14399.784,32399.514,28,65,6,700,3,22
48,1974,1,Andhra Pradesh,Krishna,rice,371200,1729.26,43.2315,20.75112,38.04372,16047532.8,7702815.744,14121828.86,25,80,6.5,1200,2,18
48,1974,1,Andhra Pradesh,Krishna,maize,2900,1689.66,45.62082,20.27592,28.72422,132300.378,58800.168,83300.238,22,70,6,800,2.5,20
48,1974,1,Andhra Pradesh,Krishna,chickpea,1100,363.64,6.54552,3.6364,6.54552,7200.072,4000.04,7200.072,20,60,6.5,600,1.5,16
48,1974,1,Andhra Pradesh,Krishna,cotton,6300,476.19,12.85713,5.71428,12.85713,80999.919,35999.964,80999.919,28,65,6,700,3,22
48,1975,1,Andhra Pradesh,Krishna,rice,363400,1552.28,38.807,18.62736,34.15016,14102463.8,6769182.624,12410168.14,25,80,6.5,1200,2,18
48,1975,1,Andhra Pradesh,Krishna,maize,2500,1680,45.36,20.16,28.56,113400,50400,71400,22,70,6,800,2.5,20
48,1975,1,Andhra Pradesh,Krishna,chickpea,2100,47.62,0.85716,0.4762,0.85716,1800.036,1000.02,1800.036,20,60,6.5,600,1.5,16
48,1975,1,Andhra Pradesh,Krishna,cotton,1500,266.67,7.20009,3.20004,7.20009,10800.135,4800.06,10800.135,28,65,6,700,3,22
48,1976,1,Andhra Pradesh,Krishna,rice,366500,1480.22,37.0055,17.76264,32.56484,13562515.75,6510007.56,11935013.86,25,80,6.5,1200,2,18
48,1976,1,Andhra Pradesh,Krishna,maize,1600,1062.5,28.6875,12.75,18.0625,45900,20400,28900,22,70,6,800,2.5,20
48,1976,1,Andhra Pradesh,Krishna,chickpea,1700,411.76,7.41168,4.1176,7.41168,12599.856,6999.92,12599.856,20,60,6.5,600,1.5,16
48,1976,1,Andhra Pradesh,Krishna,cotton,4000,100,2.7,1.2,2.7,10800,4800,10800,28,65,6,700,3,22
48,1977,1,Andhra Pradesh,Krishna,rice,384900,1289.43,32.23575,15.47316,28.36746,12407540.18,5955619.284,10918635.35,25,80,6.5,1200,2,18
48,1977,1,Andhra Pradesh,Krishna,maize,1800,1611.11,43.49997,19.33332,27.38887,78299.946,34799.976,49299.966,22,70,6,800,2.5,20
48,1977,1,Andhra Pradesh,Krishna,chickpea,1300,384.62,6.92316,3.8462,6.92316,9000.108,5000.06,9000.108,20,60,6.5,600,1.5,16
48,1977,1,Andhra Pradesh,Krishna,cotton,3700,162.16,4.37832,1.94592,4.37832,16199.784,7199.904,16199.784,28,65,6,700,3,22
48,1978,1,Andhra Pradesh,Krishna,rice,370700,1906.93,47.67325,22.88316,41.95246,17672473.78,8482787.412,15551776.92,25,80,6.5,1200,2,18
48,1978,1,Andhra Pradesh,Krishna,maize,2500,1160,31.32,13.92,19.72,78300,34800,49300,22,70,6,800,2.5,20
48,1978,1,Andhra Pradesh,Krishna,chickpea,500,400,7.2,4,7.2,3600,2000,3600,20,60,6.5,600,1.5,16
48,1978,1,Andhra Pradesh,Krishna,cotton,1600,375,10.125,4.5,10.125,16200,7200,16200,28,65,6,700,3,22
48,1979,1,Andhra Pradesh,Krishna,rice,337000,1831.75,45.79375,21.981,40.2985,15432493.75,7407597,13580594.5,25,80,6.5,1200,2,18
48,1979,1,Andhra Pradesh,Krishna,maize,2000,1500,40.5,18,25.5,81000,36000,51000,22,70,6,800,2.5,20
48,1979,1,Andhra Pradesh,Krishna,chickpea,600,500,9,5,9,5400,3000,5400,20,60,6.5,600,1.5,16
48,1979,1,Andhra Pradesh,Krishna,cotton,1700,294.12,7.94124,3.52944,7.94124,13500.108,6000.048,13500.108,28,65,6,700,3,22
48,1980,1,Andhra Pradesh,Krishna,rice,401000,1932.67,48.31675,23.19204,42.51874,19375016.75,9300008.04,17050014.74,25,80,6.5,1200,2,18
48,1980,1,Andhra Pradesh,Krishna,maize,2000,1050,28.35,12.6,17.85,56700,25200,35700,22,70,6,800,2.5,20
48,1980,1,Andhra Pradesh,Krishna,chickpea,400,500,9,5,9,3600,2000,3600,20,60,6.5,600,1.5,16
48,1980,1,Andhra Pradesh,Krishna,cotton,3000,266.67,7.20009,3.20004,7.20009,21600.27,9600.12,21600.27,28,65,6,700,3,22
48,1981,1,Andhra Pradesh,Krishna,rice,362000,1953.04,48.826,23.43648,42.96688,17675012,8484005.76,15554010.56,25,80,6.5,1200,2,18
48,1981,1,Andhra Pradesh,Krishna,maize,1000,6000,162,72,102,162000,72000,102000,22,70,6,800,2.5,20
48,1981,1,Andhra Pradesh,Krishna,chickpea,400,500,9,5,9,3600,2000,3600,20,60,6.5,600,1.5,16
48,1981,1,Andhra Pradesh,Krishna,cotton,5400,185.19,5.00013,2.22228,5.00013,27000.702,12000.312,27000.702,28,65,6,700,3,22
48,1982,1,Andhra Pradesh,Krishna,rice,399200,2156.31,53.90775,25.87572,47.43882,21519973.8,10329587.42,18937576.94,25,80,6.5,1200,2,18
48,1982,1,Andhra Pradesh,Krishna,maize,1000,4000,108,48,68,108000,48000,68000,22,70,6,800,2.5,20
48,1982,1,Andhra Pradesh,Krishna,chickpea,600,666.67,12.00006,6.6667,12.00006,7200.036,4000.02,7200.036,20,60,6.5,600,1.5,16
48,1982,1,Andhra Pradesh,Krishna,cotton,4600,260.87,7.04349,3.13044,7.04349,32400.054,14400.024,32400.054,28,65,6,700,3,22
48,1983,1,Andhra Pradesh,Krishna,rice,422900,2171.67,54.29175,26.06004,47.77674,22959981.08,11020790.92,20204783.35,25,80,6.5,1200,2,18
48,1983,1,Andhra Pradesh,Krishna,maize,1000,5200,140.4,62.4,88.4,140400,62400,88400,22,70,6,800,2.5,20
48,1983,1,Andhra Pradesh,Krishna,chickpea,500,600,10.8,6,10.8,5400,3000,5400,20,60,6.5,600,1.5,16
48,1983,1,Andhra Pradesh,Krishna,cotton,9300,419.35,11.32245,5.0322,11.32245,105298.785,46799.46,105298.785,28,65,6,700,3,22
48,1984,1,Andhra Pradesh,Krishna,rice,385800,2199.84,54.996,26.39808,48.39648,21217456.8,10184379.26,18671361.98,25,80,6.5,1200,2,18
48,1984,1,Andhra Pradesh,Krishna,maize,1300,1538.46,41.53842,18.46152,26.15382,53999.946,23999.976,33999.966,22,70,6,800,2.5,20
48,1984,1,Andhra Pradesh,Krishna,cotton,18100,425.41,11.48607,5.10492,11.48607,207897.867,92399.052,207897.867,28,65,6,700,3,22
48,1985,1,Andhra Pradesh,Krishna,rice,384900,2607.43,65.18575,31.28916,57.36346,25089995.18,12043197.68,22079195.75,25,80,6.5,1200,2,18
48,1985,1,Andhra Pradesh,Krishna,maize,1500,1400,37.8,16.8,23.8,56700,25200,35700,22,70,6,800,2.5,20
48,1985,1,Andhra Pradesh,Krishna,chickpea,300,666.67,12.00006,6.6667,12.00006,3600.018,2000.01,3600.018,20,60,6.5,600,1.5,16
48,1985,1,Andhra Pradesh,Krishna,cotton,23500,238.3,6.4341,2.8596,6.4341,151201.35,67200.6,151201.35,28,65,6,700,3,22
48,1986,1,Andhra Pradesh,Krishna,rice,405000,2202.47,55.06175,26.42964,48.45434,22300008.75,10704004.2,19624007.7,25,80,6.5,1200,2,18
48,1986,1,Andhra Pradesh,Krishna,maize,2000,1500,40.5,18,25.5,81000,36000,51000,22,70,6,800,2.5,20
48,1986,1,Andhra Pradesh,Krishna,cotton,10000,200,5.4,2.4,5.4,54000,24000,54000,28,65,6,700,3,22
48,1987,1,Andhra Pradesh,Krishna,rice,369000,2241.19,56.02975,26.89428,49.30618,20674977.75,9923989.32,18193980.42,25,80,6.5,1200,2,18
48,1987,1,Andhra Pradesh,Krishna,maize,1000,1000,27,12,17,27000,12000,17000,22,70,6,800,2.5,20
48,1987,1,Andhra Pradesh,Krishna,cotton,16000,81.25,2.19375,0.975,2.19375,35100,15600,35100,28,65,6,700,3,22
48,1988,1,Andhra Pradesh,Krishna,rice,415000,2828.43,70.71075,33.94116,62.22546,29344961.25,14085581.4,25823565.9,25,80,6.5,1200,2,18
48,1988,1,Andhra Pradesh,Krishna,maize,1200,1833.33,49.49991,21.99996,31.16661,59399.892,26399.952,37399.932,22,70,6,800,2.5,20
48,1988,1,Andhra Pradesh,Krishna,chickpea,200,500,9,5,9,1800,1000,1800,20,60,6.5,600,1.5,16
48,1988,1,Andhra Pradesh,Krishna,cotton,11900,226.89,6.12603,2.72268,6.12603,72899.757,32399.892,72899.757,28,65,6,700,3,22
48,1989,1,Andhra Pradesh,Krishna,rice,422200,2558.5,63.9625,30.702,56.287,27004967.5,12962384.4,23764371.4,25,80,6.5,1200,2,18
48,1989,1,Andhra Pradesh,Krishna,maize,1000,3380,91.26,40.56,57.46,91260,40560,57460,22,70,6,800,2.5,20
48,1989,1,Andhra Pradesh,Krishna,cotton,11400,394.74,10.65798,4.73688,10.65798,121500.972,54000.432,121500.972,28,65,6,700,3,22
48,1990,1,Andhra Pradesh,Krishna,rice,378580,2634.45,65.86125,31.6134,57.9579,24933752.03,11968200.97,21941701.78,25,80,6.5,1200,2,18
48,1990,1,Andhra Pradesh,Krishna,maize,1500,2153.33,58.13991,25.83996,36.60661,87209.865,38759.94,54909.915,22,70,6,800,2.5,20
48,1990,1,Andhra Pradesh,Krishna,chickpea,120,333.33,5.99994,3.3333,5.99994,719.9928,399.996,719.9928,20,60,6.5,600,1.5,16
48,1990,1,Andhra Pradesh,Krishna,cotton,9930,289.02,7.80354,3.46824,7.80354,77489.1522,34439.6232,77489.1522,28,65,6,700,3,22
48,1991,1,Andhra Pradesh,Krishna,rice,376550,2410.65,60.26625,28.9278,53.0343,22693256.44,10892763.09,19970065.67,25,80,6.5,1200,2,18
48,1991,1,Andhra Pradesh,Krishna,maize,1850,2021.62,54.58374,24.25944,34.36754,100979.919,44879.964,63579.949,22,70,6,800,2.5,20
48,1991,1,Andhra Pradesh,Krishna,chickpea,70,714.29,12.85722,7.1429,12.85722,900.0054,500.003,900.0054,20,60,6.5,600,1.5,16
48,1991,1,Andhra Pradesh,Krishna,cotton,9770,538.38,14.53626,6.46056,14.53626,142019.2602,63119.6712,142019.2602,28,65,6,700,3,22
48,1992,1,Andhra Pradesh,Krishna,rice,402200,2764.87,69.12175,33.17844,60.82714,27800767.85,13344368.57,24464675.71,25,80,6.5,1200,2,18
48,1992,1,Andhra Pradesh,Krishna,maize,2130,2563.38,69.21126,30.76056,43.57746,147419.9838,65519.9928,92819.9898,22,70,6,800,2.5,20
48,1992,1,Andhra Pradesh,Krishna,chickpea,80,750,13.5,7.5,13.5,1080,600,1080,20,60,6.5,600,1.5,16
48,1992,1,Andhra Pradesh,Krishna,cotton,16000,348.75,9.41625,4.185,9.41625,150660,66960,150660,28,65,6,700,3,22
48,1993,1,Andhra Pradesh,Krishna,rice,372000,2946.24,73.656,35.35488,64.81728,27400032,13152015.36,24112028.16,25,80,6.5,1200,2,18
48,1993,1,Andhra Pradesh,Krishna,maize,3000,2000,54,24,34,162000,72000,102000,22,70,6,800,2.5,20
48,1993,1,Andhra Pradesh,Krishna,cotton,15000,442,11.934,5.304,11.934,179010,79560,179010,28,65,6,700,3,22
48,1994,1,Andhra Pradesh,Krishna,rice,397000,2831.23,70.78075,33.97476,62.28706,28099957.75,13487979.72,24727962.82,25,80,6.5,1200,2,18
48,1994,1,Andhra Pradesh,Krishna,maize,4000,1750,47.25,21,29.75,189000,84000,119000,22,70,6,800,2.5,20
48,1994,1,Andhra Pradesh,Krishna,cotton,19000,375.79,10.14633,4.50948,10.14633,192780.27,85680.12,192780.27,28,65,6,700,3,22
48,1995,1,Andhra Pradesh,Krishna,rice,368000,2690.22,67.2555,32.28264,59.18484,24750024,11880011.52,21780021.12,25,80,6.5,1200,2,18
48,1995,1,Andhra Pradesh,Krishna,maize,6000,2500,67.5,30,42.5,405000,180000,255000,22,70,6,800,2.5,20
48,1995,1,Andhra Pradesh,Krishna,cotton,26000,353.08,9.53316,4.23696,9.53316,247862.16,110160.96,247862.16,28,65,6,700,3,22
48,1996,1,Andhra Pradesh,Krishna,rice,390000,3069.23,76.73075,36.83076,67.52306,29924992.5,14363996.4,26333993.4,25,80,6.5,1200,2,18
48,1996,1,Andhra Pradesh,Krishna,maize,6000,3666.67,99.00009,44.00004,62.33339,594000.54,264000.24,374000.34,22,70,6,800,2.5,20
48,1996,1,Andhra Pradesh,Krishna,cotton,24000,481.67,13.00509,5.78004,13.00509,312122.16,138720.96,312122.16,28,65,6,700,3,22
48,1997,1,Andhra Pradesh,Krishna,rice,374000,2922.46,73.0615,35.06952,64.29412,27325001,13116000.48,24046000.88,25,80,6.5,1200,2,18
48,1997,1,Andhra Pradesh,Krishna,maize,8000,2375,64.125,28.5,40.375,513000,228000,323000,22,70,6,800,2.5,20
48,1997,1,Andhra Pradesh,Krishna,cotton,26000,411.92,11.12184,4.94304,11.12184,289167.84,128519.04,289167.84,28,65,6,700,3,22
48,1998,1,Andhra Pradesh,Krishna,rice,416000,3007.21,75.18025,36.08652,66.15862,31274984,15011992.32,27521985.92,25,80,6.5,1200,2,18
48,1998,1,Andhra Pradesh,Krishna,maize,5000,3000,81,36,51,405000,180000,255000,22,70,6,800,2.5,20
48,1998,1,Andhra Pradesh,Krishna,cotton,41000,136.83,3.69441,1.64196,3.69441,151470.81,67320.36,151470.81,28,65,6,700,3,22
48,1999,1,Andhra Pradesh,Krishna,rice,406300,3180.14,79.5035,38.16168,69.96308,32302272.05,15505090.58,28425999.4,25,80,6.5,1200,2,18
48,1999,1,Andhra Pradesh,Krishna,maize,7450,3457.72,93.35844,41.49264,58.78124,695520.378,309120.168,437920.238,22,70,6,800,2.5,20
48,1999,1,Andhra Pradesh,Krishna,chickpea,30,1333.33,23.99994,13.3333,23.99994,719.9982,399.999,719.9982,20,60,6.5,600,1.5,16
48,1999,1,Andhra Pradesh,Krishna,cotton,31700,281.07,7.58889,3.37284,7.58889,240567.813,106919.028,240567.813,28,65,6,700,3,22
48,2000,1,Andhra Pradesh,Krishna,rice,394260,3239.23,80.98075,38.87076,71.26306,31927470.5,15325185.84,28096174.04,25,80,6.5,1200,2,18
48,2000,1,Andhra Pradesh,Krishna,maize,10380,3411.37,92.10699,40.93644,57.99329,956070.5562,424920.2472,601970.3502,22,70,6,800,2.5,20
48,2000,1,Andhra Pradesh,Krishna,cotton,29440,369.9,9.9873,4.4388,9.9873,294026.112,130678.272,294026.112,28,65,6,700,3,22
48,2001,1,Andhra Pradesh,Krishna,rice,343590,3123.32,78.083,37.47984,68.71304,26828537.97,12877698.23,23609113.41,25,80,6.5,1200,2,18
48,2001,1,Andhra Pradesh,Krishna,maize,7220,4096.95,110.61765,49.1634,69.64815,798659.433,354959.748,502859.643,22,70,6,800,2.5,20
48,2001,1,Andhra Pradesh,Krishna,chickpea,30,2000,36,20,36,1080,600,1080,20,60,6.5,600,1.5,16
48,2001,1,Andhra Pradesh,Krishna,cotton,35370,372.91,10.06857,4.47492,10.06857,356125.3209,158277.9204,356125.3209,28,65,6,700,3,22
48,2002,1,Andhra Pradesh,Krishna,rice,246000,3117.89,77.94725,37.41468,68.59358,19175023.5,9204011.28,16874020.68,25,80,6.5,1200,2,18
48,2002,1,Andhra Pradesh,Krishna,maize,10000,3500,94.5,42,59.5,945000,420000,595000,22,70,6,800,2.5,20
48,2002,1,Andhra Pradesh,Krishna,cotton,31000,318.06,8.58762,3.81672,8.58762,266216.22,118318.32,266216.22,28,65,6,700,3,22
48,2003,1,Andhra Pradesh,Krishna,rice,229850,2375.11,59.37775,28.50132,52.25242,13647975.84,6551028.402,12010218.74,25,80,6.5,1200,2,18
48,2003,1,Andhra Pradesh,Krishna,maize,12200,3507.38,94.69926,42.08856,59.62546,1155330.972,513480.432,727430.612,22,70,6,800,2.5,20
48,2003,1,Andhra Pradesh,Krishna,chickpea,160,1750,31.5,17.5,31.5,5040,2800,5040,20,60,6.5,600,1.5,16
48,2003,1,Andhra Pradesh,Krishna,cotton,35440,502.82,13.57614,6.03384,13.57614,481138.4016,213839.2896,481138.4016,28,65,6,700,3,22
48,2004,1,Andhra Pradesh,Krishna,rice,255320,3276.01,81.90025,39.31212,72.07222,20910771.83,10037170.48,18401479.21,25,80,6.5,1200,2,18
48,2004,1,Andhra Pradesh,Krishna,maize,13400,6017.91,162.48357,72.21492,102.30447,2177279.838,967679.928,1370879.898,22,70,6,800,2.5,20
48,2004,1,Andhra Pradesh,Krishna,chickpea,590,1525.42,27.45756,15.2542,27.45756,16199.9604,8999.978,16199.9604,20,60,6.5,600,1.5,16
48,2004,1,Andhra Pradesh,Krishna,cotton,47920,487.9,13.1733,5.8548,13.1733,631264.536,280562.016,631264.536,28,65,6,700,3,22
48,2005,1,Andhra Pradesh,Krishna,rice,359250,3080.31,77.00775,36.96372,67.76682,27665034.19,13279216.41,24345230.08,25,80,6.5,1200,2,18
48,2005,1,Andhra Pradesh,Krishna,maize,13470,5639.2,152.2584,67.6704,95.8664,2050920.648,911520.288,1291320.408,22,70,6,800,2.5,20
48,2005,1,Andhra Pradesh,Krishna,chickpea,40,2000,36,20,36,1440,800,1440,20,60,6.5,600,1.5,16
48,2005,1,Andhra Pradesh,Krishna,cotton,45830,327.95,8.85465,3.9354,8.85465,405808.6095,180359.382,405808.6095,28,65,6,700,3,22
48,2006,1,Andhra Pradesh,Krishna,rice,346300,2532.08,63.302,30.38496,55.70576,21921482.6,10522311.65,19290904.69,25,80,6.5,1200,2,18
48,2006,1,Andhra Pradesh,Krishna,maize,11100,7212.61,194.74047,86.55132,122.61437,2161619.217,960719.652,1361019.507,22,70,6,800,2.5,20
48,2006,1,Andhra Pradesh,Krishna,chickpea,320,1906.25,34.3125,19.0625,34.3125,10980,6100,10980,20,60,6.5,600,1.5,16
48,2006,1,Andhra Pradesh,Krishna,cotton,31590,459.01,12.39327,5.50812,12.39327,391503.3993,174001.5108,391503.3993,28,65,6,700,3,22
48,2007,1,Andhra Pradesh,Krishna,rice,354980,3659.45,91.48625,43.9134,80.5079,32475789.02,15588378.73,28578694.34,25,80,6.5,1200,2,18
48,2007,1,Andhra Pradesh,Krishna,maize,17280,7248.84,195.71868,86.98608,123.23028,3382018.79,1503119.462,2129419.238,22,70,6,800,2.5,20
48,2007,1,Andhra Pradesh,Krishna,chickpea,1240,1282.26,23.08068,12.8226,23.08068,28620.0432,15900.024,28620.0432,20,60,6.5,600,1.5,16
48,2007,1,Andhra Pradesh,Krishna,cotton,34780,562.1,15.1767,6.7452,15.1767,527845.626,234598.056,527845.626,28,65,6,700,3,22
48,2008,1,Andhra Pradesh,Krishna,rice,394530,3617.72,90.443,43.41264,79.58984,35682476.79,17127588.86,31400579.58,25,80,6.5,1200,2,18
48,2008,1,Andhra Pradesh,Krishna,maize,29320,7857.09,212.14143,94.28508,133.57053,6219986.728,2764438.546,3916287.94,22,70,6,800,2.5,20
48,2008,1,Andhra Pradesh,Krishna,chickpea,930,1741.94,31.35492,17.4194,31.35492,29160.0756,16200.042,29160.0756,20,60,6.5,600,1.5,16
48,2008,1,Andhra Pradesh,Krishna,cotton,36670,609.49,16.45623,7.31388,16.45623,603449.9541,268199.9796,603449.9541,28,65,6,700,3,22
48,2009,1,Andhra Pradesh,Krishna,rice,336640,3592.23,89.80575,43.10676,79.02906,30232207.68,14511459.69,26604342.76,25,80,6.5,1200,2,18
48,2009,1,Andhra Pradesh,Krishna,maize,20420,7640.55,206.29485,91.6866,129.88935,4212540.837,1872240.372,2652340.527,22,70,6,800,2.5,20
48,2009,1,Andhra Pradesh,Krishna,chickpea,890,1640.45,29.5281,16.4045,29.5281,26280.009,14600.005,26280.009,20,60,6.5,600,1.5,16
48,2009,1,Andhra Pradesh,Krishna,cotton,46900,510.02,13.77054,6.12024,13.77054,645838.326,287039.256,645838.326,28,65,6,700,3,22
48,2010,1,Andhra Pradesh,Krishna,rice,355340,3069.43,76.73575,36.83316,67.52746,27267281.4,13088295.07,23995207.64,25,80,6.5,1200,2,18
48,2010,1,Andhra Pradesh,Krishna,maize,19220,8018.21,216.49167,96.21852,136.30957,4160969.897,1849319.954,2619869.935,22,70,6,800,2.5,20
48,2010,1,Andhra Pradesh,Krishna,chickpea,810,1666.67,30.00006,16.6667,30.00006,24300.0486,13500.027,24300.0486,20,60,6.5,600,1.5,16
48,2010,1,Andhra Pradesh,Krishna,cotton,51960,385.1,10.3977,4.6212,10.3977,540264.492,240117.552,540264.492,28,65,6,700,3,22
48,2011,1,Andhra Pradesh,Krishna,rice,272030,3718.49,92.96225,44.62188,81.80678,25288520.87,12138490.02,22253898.36,25,80,6.5,1200,2,18
48,2011,1,Andhra Pradesh,Krishna,maize,24690,6679.22,180.33894,80.15064,113.54674,4452568.429,1978919.302,2803469.011,22,70,6,800,2.5,20
48,2011,1,Andhra Pradesh,Krishna,chickpea,1280,1515.63,27.28134,15.1563,27.28134,34920.1152,19400.064,34920.1152,20,60,6.5,600,1.5,16
48,2011,1,Andhra Pradesh,Krishna,cotton,59850,348.04,9.39708,4.17648,9.39708,562415.238,249962.328,562415.238,28,65,6,700,3,22
48,2012,1,Andhra Pradesh,Krishna,rice,264530,3593.24,89.831,43.11888,79.05128,23762994.43,11406237.33,20911435.1,25,80,6.5,1200,2,18
48,2012,1,Andhra Pradesh,Krishna,maize,26230,6733.13,181.79451,80.79756,114.46321,4768469.997,2119319.999,3002369.998,22,70,6,800,2.5,20
48,2012,1,Andhra Pradesh,Krishna,chickpea,1910,1811.52,32.60736,18.1152,32.60736,62280.0576,34600.032,62280.0576,20,60,6.5,600,1.5,16
48,2012,1,Andhra Pradesh,Krishna,cotton,64510,549.99,14.84973,6.59988,14.84973,957956.0823,425758.2588,957956.0823,28,65,6,700,3,22
48,2013,1,Andhra Pradesh,Krishna,rice,363320,3235.49,80.88725,38.82588,71.18078,29387955.67,14106218.72,25861400.99,25,80,6.5,1200,2,18
48,2013,1,Andhra Pradesh,Krishna,maize,32880,6919.71,186.83217,83.03652,117.63507,6143041.75,2730240.778,3867841.102,22,70,6,800,2.5,20
48,2013,1,Andhra Pradesh,Krishna,chickpea,1070,1934.58,34.82244,19.3458,34.82244,37260.0108,20700.006,37260.0108,20,60,6.5,600,1.5,16
48,2013,1,Andhra Pradesh,Krishna,cotton,59300,681.96,18.41292,8.18352,18.41292,1091886.156,485282.736,1091886.156,28,65,6,700,3,22
48,2014,1,Andhra Pradesh,Krishna,rice,288040,3467.57,86.68925,41.61084,76.28654,24969971.57,11985586.35,21973574.98,25,80,6.5,1200,2,18
48,2014,1,Andhra Pradesh,Krishna,maize,25630,6300.43,170.11161,75.60516,107.10731,4359960.564,1937760.251,2745160.355,22,70,6,800,2.5,20
48,2014,1,Andhra Pradesh,Krishna,chickpea,770,1935.06,34.83108,19.3506,34.83108,26819.9316,14899.962,26819.9316,20,60,6.5,600,1.5,16
48,2014,1,Andhra Pradesh,Krishna,cotton,55570,847.58,22.88466,10.17096,22.88466,1271700.556,565200.2472,1271700.556,28,65,6,700,3,22
48,2015,1,Andhra Pradesh,Krishna,rice,220680,3455.86,86.3965,41.47032,76.02892,19065979.62,9151670.218,16778062.07,25,80,6.5,1200,2,18
48,2015,1,Andhra Pradesh,Krishna,maize,19630,5814.57,156.99339,69.77484,98.84769,3081780.246,1369680.109,1940380.155,22,70,6,800,2.5,20
48,2015,1,Andhra Pradesh,Krishna,chickpea,1240,2072.58,37.30644,20.7258,37.30644,46259.9856,25699.992,46259.9856,20,60,6.5,600,1.5,16
48,2015,1,Andhra Pradesh,Krishna,cotton,52780,684.92,18.49284,8.21904,18.49284,976052.0952,433800.9312,976052.0952,28,65,6,700,3,22
48,2016,1,Andhra Pradesh,Krishna,rice,231410,3879.35,96.98375,46.5522,85.3457,22443009.59,10772644.6,19749848.44,25,80,6.5,1200,2,18
48,2016,1,Andhra Pradesh,Krishna,maize,20090,6715.76,181.32552,80.58912,114.16792,3642829.697,1619035.421,2293633.513,22,70,6,800,2.5,20
48,2016,1,Andhra Pradesh,Krishna,chickpea,1770,1822.13,32.79834,18.2213,32.79834,58053.0618,32251.701,58053.0618,20,60,6.5,600,1.5,16
48,2016,1,Andhra Pradesh,Krishna,cotton,37310,769.23,20.76921,9.23076,20.76921,774899.2251,344399.6556,774899.2251,28,65,6,700,3,22
48,2017,1,Andhra Pradesh,Krishna,rice,258730,3988.57,99.71425,47.86284,87.74854,25799067.9,12383552.59,22703179.75,25,80,6.5,1200,2,18
48,2017,1,Andhra Pradesh,Krishna,maize,28830,6584.08,177.77016,79.00896,111.92936,5125113.713,2277828.317,3226923.449,22,70,6,800,2.5,20
48,2017,1,Andhra Pradesh,Krishna,chickpea,2290,1895.06,34.11108,18.9506,34.11108,78114.3732,43396.874,78114.3732,20,60,6.5,600,1.5,16
48,2017,1,Andhra Pradesh,Krishna,cotton,48360,728.94,19.68138,8.74728,19.68138,951791.5368,423018.4608,951791.5368,28,65,6,700,3,22
49,1966,1,Andhra Pradesh,Guntur,rice,270000,1462.96,36.574,17.55552,32.18512,9874980,4739990.4,8689982.4,25,80,6.5,1200,2,18
49,1966,1,Andhra Pradesh,Guntur,maize,2000,1000,27,12,17,54000,24000,34000,22,70,6,800,2.5,20
49,1966,1,Andhra Pradesh,Guntur,chickpea,4000,250,4.5,2.5,4.5,18000,10000,18000,20,60,6.5,600,1.5,16
49,1966,1,Andhra Pradesh,Guntur,cotton,14000,71.43,1.92861,0.85716,1.92861,27000.54,12000.24,27000.54,28,65,6,700,3,22
49,1967,1,Andhra Pradesh,Guntur,rice,285000,1568.42,39.2105,18.82104,34.50524,11174992.5,5363996.4,9833993.4,25,80,6.5,1200,2,18
49,1967,1,Andhra Pradesh,Guntur,maize,2000,1500,40.5,18,25.5,81000,36000,51000,22,70,6,800,2.5,20
49,1967,1,Andhra Pradesh,Guntur,chickpea,9000,222.22,3.99996,2.2222,3.99996,35999.64,19999.8,35999.64,20,60,6.5,600,1.5,16
49,1967,1,Andhra Pradesh,Guntur,cotton,10000,100,2.7,1.2,2.7,27000,12000,27000,28,65,6,700,3,22
49,1968,1,Andhra Pradesh,Guntur,rice,311600,1302.95,32.57375,15.6354,28.6649,10149980.5,4871990.64,8931982.84,25,80,6.5,1200,2,18
49,1968,1,Andhra Pradesh,Guntur,maize,2000,1000,27,12,17,54000,24000,34000,22,70,6,800,2.5,20
49,1968,1,Andhra Pradesh,Guntur,chickpea,9000,222.22,3.99996,2.2222,3.99996,35999.64,19999.8,35999.64,20,60,6.5,600,1.5,16
49,1968,1,Andhra Pradesh,Guntur,cotton,13200,75.76,2.04552,0.90912,2.04552,27000.864,12000.384,27000.864,28,65,6,700,3,22
49,1969,1,Andhra Pradesh,Guntur,rice,326600,1285.06,32.1265,15.42072,28.27132,10492514.9,5036407.152,9233413.112,25,80,6.5,1200,2,18
49,1969,1,Andhra Pradesh,Guntur,maize,1900,1105.26,29.84202,13.26312,18.78942,56699.838,25199.928,35699.898,22,70,6,800,2.5,20
49,1969,1,Andhra Pradesh,Guntur,chickpea,9000,277.78,5.00004,2.7778,5.00004,45000.36,25000.2,45000.36,20,60,6.5,600,1.5,16
49,1969,1,Andhra Pradesh,Guntur,cotton,12100,123.97,3.34719,1.48764,3.34719,40500.999,18000.444,40500.999,28,65,6,700,3,22
49,1970,1,Andhra Pradesh,Guntur,rice,343400,1520.68,38.017,18.24816,33.45496,13055037.8,6266418.144,11488433.26,25,80,6.5,1200,2,18
49,1970,1,Andhra Pradesh,Guntur,maize,1700,1294.12,34.94124,15.52944,22.00004,59400.108,26400.048,37400.068,22,70,6,800,2.5,20
49,1970,1,Andhra Pradesh,Guntur,chickpea,6800,470.59,8.47062,4.7059,8.47062,57600.216,32000.12,57600.216,20,60,6.5,600,1.5,16
49,1970,1,Andhra Pradesh,Guntur,cotton,10000,120,3.24,1.44,3.24,32400,14400,32400,28,65,6,700,3,22
49,1971,1,Andhra Pradesh,Guntur,rice,331600,1673.1,41.8275,20.0772,36.8082,13869999,6657599.52,12205599.12,25,80,6.5,1200,2,18
49,1971,1,Andhra Pradesh,Guntur,maize,1200,1083.33,29.24991,12.99996,18.41661,35099.892,15599.952,22099.932,22,70,6,800,2.5,20
49,1971,1,Andhra Pradesh,Guntur,chickpea,4200,500,9,5,9,37800,21000,37800,20,60,6.5,600,1.5,16
49,1971,1,Andhra Pradesh,Guntur,cotton,23800,260.5,7.0335,3.126,7.0335,167397.3,74398.8,167397.3,28,65,6,700,3,22
49,1972,1,Andhra Pradesh,Guntur,rice,287500,1716.17,42.90425,20.59404,37.75574,12334971.88,5920786.5,10854775.25,25,80,6.5,1200,2,18
49,1972,1,Andhra Pradesh,Guntur,maize,1200,916.67,24.75009,11.00004,15.58339,29700.108,13200.048,18700.068,22,70,6,800,2.5,20
49,1972,1,Andhra Pradesh,Guntur,chickpea,4800,375,6.75,3.75,6.75,32400,18000,32400,20,60,6.5,600,1.5,16
49,1972,1,Andhra Pradesh,Guntur,cotton,26900,167.29,4.51683,2.00748,4.51683,121502.727,54001.212,121502.727,28,65,6,700,3,22
49,1973,1,Andhra Pradesh,Guntur,rice,317700,1931.7,48.2925,23.1804,42.4974,15342527.25,7364413.08,13501423.98,25,80,6.5,1200,2,18
49,1973,1,Andhra Pradesh,Guntur,maize,1500,1466.67,39.60009,17.60004,24.93339,59400.135,26400.06,37400.085,22,70,6,800,2.5,20
49,1973,1,Andhra Pradesh,Guntur,chickpea,3200,468.75,8.4375,4.6875,8.4375,27000,15000,27000,20,60,6.5,600,1.5,16
49,1973,1,Andhra Pradesh,Guntur,cotton,82300,437.42,11.81034,5.24904,11.81034,971990.982,431995.992,971990.982,28,65,6,700,3,22
49,1974,1,Andhra Pradesh,Guntur,rice,424800,1745.76,43.644,20.94912,38.40672,18539971.2,8899186.176,16315174.66,25,80,6.5,1200,2,18
49,1974,1,Andhra Pradesh,Guntur,maize,1800,1666.67,45.00009,20.00004,28.33339,81000.162,36000.072,51000.102,22,70,6,800,2.5,20
49,1974,1,Andhra Pradesh,Guntur,chickpea,6300,444.44,7.99992,4.4444,7.99992,50399.496,27999.72,50399.496,20,60,6.5,600,1.5,16
49,1974,1,Andhra Pradesh,Guntur,cotton,94200,480.89,12.98403,5.77068,12.98403,1223095.626,543598.056,1223095.626,28,65,6,700,3,22
49,1975,1,Andhra Pradesh,Guntur,rice,369700,1504.19,37.60475,18.05028,33.09218,13902476.08,6673188.516,12234178.95,25,80,6.5,1200,2,18
49,1975,1,Andhra Pradesh,Guntur,maize,2000,1600,43.2,19.2,27.2,86400,38400,54400,22,70,6,800,2.5,20
49,1975,1,Andhra Pradesh,Guntur,chickpea,8000,487.5,8.775,4.875,8.775,70200,39000,70200,20,60,6.5,600,1.5,16
49,1975,1,Andhra Pradesh,Guntur,cotton,65000,369.23,9.96921,4.43076,9.96921,647998.65,287999.4,647998.65,28,65,6,700,3,22
49,1976,1,Andhra Pradesh,Guntur,rice,371400,1335.76,33.394,16.02912,29.38672,12402531.6,5953215.168,10914227.81,25,80,6.5,1200,2,18
49,1976,1,Andhra Pradesh,Guntur,maize,1900,1052.63,28.42101,12.63156,17.89471,53999.919,23999.964,33999.949,22,70,6,800,2.5,20
49,1976,1,Andhra Pradesh,Guntur,chickpea,7000,342.86,6.17148,3.4286,6.17148,43200.36,24000.2,43200.36,20,60,6.5,600,1.5,16
49,1976,1,Andhra Pradesh,Guntur,cotton,94400,276.48,7.46496,3.31776,7.46496,704692.224,313196.544,704692.224,28,65,6,700,3,22
49,1977,1,Andhra Pradesh,Guntur,rice,433100,1052.64,26.316,12.63168,23.15808,11397459.6,5470780.608,10029764.45,25,80,6.5,1200,2,18
49,1977,1,Andhra Pradesh,Guntur,maize,1600,1562.5,42.1875,18.75,26.5625,67500,30000,42500,22,70,6,800,2.5,20
49,1977,1,Andhra Pradesh,Guntur,chickpea,4400,340.91,6.13638,3.4091,6.13638,27000.072,15000.04,27000.072,20,60,6.5,600,1.5,16
49,1977,1,Andhra Pradesh,Guntur,cotton,104800,98.28,2.65356,1.17936,2.65356,278093.088,123596.928,278093.088,28,65,6,700,3,22
49,1978,1,Andhra Pradesh,Guntur,rice,352600,1708.74,42.7185,20.50488,37.59228,15062543.1,7230020.688,13255037.93,25,80,6.5,1200,2,18
49,1978,1,Andhra Pradesh,Guntur,maize,1800,1166.67,31.50009,14.00004,19.83339,56700.162,25200.072,35700.102,22,70,6,800,2.5,20
49,1978,1,Andhra Pradesh,Guntur,chickpea,5300,528.3,9.5094,5.283,9.5094,50399.82,27999.9,50399.82,20,60,6.5,600,1.5,16
49,1978,1,Andhra Pradesh,Guntur,cotton,72300,373.44,10.08288,4.48128,10.08288,728992.224,323996.544,728992.224,28,65,6,700,3,22
49,1979,1,Andhra Pradesh,Guntur,rice,359000,1793.87,44.84675,21.52644,39.46514,16099983.25,7727991.96,14167985.26,25,80,6.5,1200,2,18
49,1979,1,Andhra Pradesh,Guntur,maize,2000,1000,27,12,17,54000,24000,34000,22,70,6,800,2.5,20
49,1979,1,Andhra Pradesh,Guntur,chickpea,5900,576.27,10.37286,5.7627,10.37286,61199.874,33999.93,61199.874,20,60,6.5,600,1.5,16
49,1979,1,Andhra Pradesh,Guntur,cotton,76800,455.73,12.30471,5.46876,12.30471,945001.728,420000.768,945001.728,28,65,6,700,3,22
49,1980,1,Andhra Pradesh,Guntur,rice,375000,2256,56.4,27.072,49.632,21150000,10152000,18612000,25,80,6.5,1200,2,18
49,1980,1,Andhra Pradesh,Guntur,maize,1500,1200,32.4,14.4,20.4,48600,21600,30600,22,70,6,800,2.5,20
49,1980,1,Andhra Pradesh,Guntur,chickpea,4200,571.43,10.28574,5.7143,10.28574,43200.108,24000.06,43200.108,20,60,6.5,600,1.5,16
49,1980,1,Andhra Pradesh,Guntur,cotton,78800,739.85,19.97595,8.8782,19.97595,1574104.86,699602.16,1574104.86,28,65,6,700,3,22
49,1981,1,Andhra Pradesh,Guntur,rice,365000,2252.05,56.30125,27.0246,49.5451,20549956.25,9863979,18083961.5,25,80,6.5,1200,2,18
49,1981,1,Andhra Pradesh,Guntur,maize,1600,3500,94.5,42,59.5,151200,67200,95200,22,70,6,800,2.5,20
49,1981,1,Andhra Pradesh,Guntur,chickpea,4300,558.14,10.04652,5.5814,10.04652,43200.036,24000.02,43200.036,20,60,6.5,600,1.5,16
49,1981,1,Andhra Pradesh,Guntur,cotton,89000,632.58,17.07966,7.59096,17.07966,1520089.74,675595.44,1520089.74,28,65,6,700,3,22
49,1982,1,Andhra Pradesh,Guntur,rice,352100,2336.55,58.41375,28.0386,51.4041,20567481.38,9872391.06,18099383.61,25,80,6.5,1200,2,18
49,1982,1,Andhra Pradesh,Guntur,maize,1400,2785.71,75.21417,33.42852,47.35707,105299.838,46799.928,66299.898,22,70,6,800,2.5,20
49,1982,1,Andhra Pradesh,Guntur,chickpea,5500,818.18,14.72724,8.1818,14.72724,80999.82,44999.9,80999.82,20,60,6.5,600,1.5,16
49,1982,1,Andhra Pradesh,Guntur,cotton,83300,582.23,15.72021,6.98676,15.72021,1309493.493,581997.108,1309493.493,28,65,6,700,3,22
49,1983,1,Andhra Pradesh,Guntur,rice,375500,2634.09,65.85225,31.60908,57.94998,24727519.88,11869209.54,21760217.49,25,80,6.5,1200,2,18
49,1983,1,Andhra Pradesh,Guntur,maize,1700,3235.29,87.35283,38.82348,54.99993,148499.811,65999.916,93499.881,22,70,6,800,2.5,20
49,1983,1,Andhra Pradesh,Guntur,chickpea,5000,820,14.76,8.2,14.76,73800,41000,73800,20,60,6.5,600,1.5,16
49,1983,1,Andhra Pradesh,Guntur,cotton,89700,882.94,23.83938,10.59528,23.83938,2138392.386,950396.616,2138392.386,28,65,6,700,3,22
49,1984,1,Andhra Pradesh,Guntur,rice,345400,1986.39,49.65975,23.83668,43.70058,17152477.65,8233189.272,15094180.33,25,80,6.5,1200,2,18
49,1984,1,Andhra Pradesh,Guntur,maize,1400,1214.29,32.78583,14.57148,20.64293,45900.162,20400.072,28900.102,22,70,6,800,2.5,20
49,1984,1,Andhra Pradesh,Guntur,chickpea,5000,580,10.44,5.8,10.44,52200,29000,52200,20,60,6.5,600,1.5,16
49,1984,1,Andhra Pradesh,Guntur,cotton,216100,469.23,12.66921,5.63076,12.66921,2737816.281,1216807.236,2737816.281,28,65,6,700,3,22
49,1985,1,Andhra Pradesh,Guntur,rice,341000,2694.72,67.368,32.33664,59.28384,22972488,11026794.24,20215789.44,25,80,6.5,1200,2,18
49,1985,1,Andhra Pradesh,Guntur,maize,1300,1307.69,35.30763,15.69228,22.23073,45899.919,20399.964,28899.949,22,70,6,800,2.5,20
49,1985,1,Andhra Pradesh,Guntur,chickpea,3700,594.59,10.70262,5.9459,10.70262,39599.694,21999.83,39599.694,20,60,6.5,600,1.5,16
49,1985,1,Andhra Pradesh,Guntur,cotton,227300,261.33,7.05591,3.13596,7.05591,1603808.343,712803.708,1603808.343,28,65,6,700,3,22
49,1986,1,Andhra Pradesh,Guntur,rice,359000,2880.22,72.0055,34.56264,63.36484,25849974.5,12407987.76,22747977.56,25,80,6.5,1200,2,18
49,1986,1,Andhra Pradesh,Guntur,maize,3000,1333.33,35.99991,15.99996,22.66661,107999.73,47999.88,67999.83,22,70,6,800,2.5,20
49,1986,1,Andhra Pradesh,Guntur,chickpea,6000,500,9,5,9,54000,30000,54000,20,60,6.5,600,1.5,16
49,1986,1,Andhra Pradesh,Guntur,cotton,144000,472.22,12.74994,5.66664,12.74994,1835991.36,815996.16,1835991.36,28,65,6,700,3,22
49,1987,1,Andhra Pradesh,Guntur,rice,296000,2496.62,62.4155,29.95944,54.92564,18474988,8867994.24,16257989.44,25,80,6.5,1200,2,18
49,1987,1,Andhra Pradesh,Guntur,maize,2000,1500,40.5,18,25.5,81000,36000,51000,22,70,6,800,2.5,20
49,1987,1,Andhra Pradesh,Guntur,chickpea,4000,500,9,5,9,36000,20000,36000,20,60,6.5,600,1.5,16
49,1987,1,Andhra Pradesh,Guntur,cotton,216000,185.19,5.00013,2.22228,5.00013,1080028.08,480012.48,1080028.08,28,65,6,700,3,22
49,1988,1,Andhra Pradesh,Guntur,rice,381400,3095.44,77.386,37.14528,68.09968,29515020.4,14167209.79,25973217.95,25,80,6.5,1200,2,18
49,1988,1,Andhra Pradesh,Guntur,maize,3200,1812.5,48.9375,21.75,30.8125,156600,69600,98600,22,70,6,800,2.5,20
49,1988,1,Andhra Pradesh,Guntur,chickpea,3200,500,9,5,9,28800,16000,28800,20,60,6.5,600,1.5,16
49,1988,1,Andhra Pradesh,Guntur,cotton,201700,245.41,6.62607,2.94492,6.62607,1336478.319,593990.364,1336478.319,28,65,6,700,3,22
49,1989,1,Andhra Pradesh,Guntur,rice,384400,2990.37,74.75925,35.88444,65.78814,28737455.7,13793978.74,25288961.02,25,80,6.5,1200,2,18
49,1989,1,Andhra Pradesh,Guntur,maize,9300,2133.33,57.59991,25.59996,36.26661,535679.163,238079.628,337279.473,22,70,6,800,2.5,20
49,1989,1,Andhra Pradesh,Guntur,chickpea,2800,750,13.5,7.5,13.5,37800,21000,37800,20,60,6.5,600,1.5,16
49,1989,1,Andhra Pradesh,Guntur,cotton,178300,403.81,10.90287,4.84572,10.90287,1943981.721,863991.876,1943981.721,28,65,6,700,3,22
49,1990,1,Andhra Pradesh,Guntur,rice,371900,3115.02,77.8755,37.38024,68.53044,28961898.45,13901711.26,25486470.64,25,80,6.5,1200,2,18
49,1990,1,Andhra Pradesh,Guntur,maize,8270,1971.15,53.22105,23.6538,33.50955,440138.0835,195616.926,277123.9785,22,70,6,800,2.5,20
49,1990,1,Andhra Pradesh,Guntur,chickpea,2190,1313.44,23.64192,13.1344,23.64192,51775.8048,28764.336,51775.8048,20,60,6.5,600,1.5,16
49,1990,1,Andhra Pradesh,Guntur,cotton,180520,520.58,14.05566,6.24696,14.05566,2537327.743,1127701.219,2537327.743,28,65,6,700,3,22
49,1991,1,Andhra Pradesh,Guntur,rice,376570,2744.7,68.6175,32.9364,60.3834,25839291.97,12402860.15,22738576.94,25,80,6.5,1200,2,18
49,1991,1,Andhra Pradesh,Guntur,maize,8480,2020.44,54.55188,24.24528,34.34748,462599.9424,205599.9744,291266.6304,22,70,6,800,2.5,20
49,1991,1,Andhra Pradesh,Guntur,chickpea,2250,749.58,13.49244,7.4958,13.49244,30357.99,16865.55,30357.99,20,60,6.5,600,1.5,16
49,1991,1,Andhra Pradesh,Guntur,cotton,188680,546.57,14.75739,6.55884,14.75739,2784424.345,1237521.931,2784424.345,28,65,6,700,3,22
49,1992,1,Andhra Pradesh,Guntur,rice,346190,2822.78,70.5695,33.87336,62.10116,24430455.21,11726618.5,21498800.58,25,80,6.5,1200,2,18
49,1992,1,Andhra Pradesh,Guntur,maize,9970,2774.24,74.90448,33.29088,47.16208,746797.6656,331910.0736,470205.9376,22,70,6,800,2.5,20
49,1992,1,Andhra Pradesh,Guntur,chickpea,2610,736.83,13.26294,7.3683,13.26294,34616.2734,19231.263,34616.2734,20,60,6.5,600,1.5,16
49,1992,1,Andhra Pradesh,Guntur,cotton,212790,361.88,9.77076,4.34256,9.77076,2079120.02,924053.3424,2079120.02,28,65,6,700,3,22
49,1993,1,Andhra Pradesh,Guntur,rice,357640,3232.75,80.81875,38.793,71.1205,28904017.75,13873928.52,25435535.62,25,80,6.5,1200,2,18
49,1993,1,Andhra Pradesh,Guntur,maize,8140,2678.13,72.30951,32.13756,45.52821,588599.4114,261599.7384,370599.6294,22,70,6,800,2.5,20
49,1993,1,Andhra Pradesh,Guntur,chickpea,7140,666.67,12.00006,6.6667,12.00006,85680.4284,47600.238,85680.4284,20,60,6.5,600,1.5,16
49,1993,1,Andhra Pradesh,Guntur,cotton,206920,451.64,12.19428,5.41968,12.19428,2523240.418,1121440.186,2523240.418,28,65,6,700,3,22
49,1994,1,Andhra Pradesh,Guntur,rice,367100,2602.18,65.0545,31.22616,57.24796,23881506.95,11463123.34,21015726.12,25,80,6.5,1200,2,18
49,1994,1,Andhra Pradesh,Guntur,maize,9140,2991.25,80.76375,35.895,50.85125,738180.675,328080.3,464780.425,22,70,6,800,2.5,20
49,1994,1,Andhra Pradesh,Guntur,chickpea,11820,1389.17,25.00506,13.8917,25.00506,295559.8092,164199.894,295559.8092,20,60,6.5,600,1.5,16
49,1994,1,Andhra Pradesh,Guntur,cotton,215000,381.39,10.29753,4.57668,10.29753,2213968.95,983986.2,2213968.95,28,65,6,700,3,22
49,1995,1,Andhra Pradesh,Guntur,rice,328220,2890.5,72.2625,34.686,63.591,23717997.75,11384638.92,20871838.02,25,80,6.5,1200,2,18
49,1995,1,Andhra Pradesh,Guntur,maize,12440,3184.89,85.99203,38.21868,54.14313,1069740.853,475440.3792,673540.5372,22,70,6,800,2.5,20
49,1995,1,Andhra Pradesh,Guntur,chickpea,5760,986.11,17.74998,9.8611,17.74998,102239.8848,56799.936,102239.8848,20,60,6.5,600,1.5,16
49,1995,1,Andhra Pradesh,Guntur,cotton,217300,364.77,9.84879,4.37724,9.84879,2140142.067,951174.252,2140142.067,28,65,6,700,3,22
49,1996,1,Andhra Pradesh,Guntur,rice,362400,3136.31,78.40775,37.63572,68.99882,28414968.6,13639184.93,25005172.37,25,80,6.5,1200,2,18
49,1996,1,Andhra Pradesh,Guntur,maize,16280,4678.13,126.30951,56.13756,79.52821,2056318.823,913919.4768,1294719.259,22,70,6,800,2.5,20
49,1996,1,Andhra Pradesh,Guntur,chickpea,5600,1671.43,30.08574,16.7143,30.08574,168480.144,93600.08,168480.144,20,60,6.5,600,1.5,16
49,1996,1,Andhra Pradesh,Guntur,cotton,195540,485.5,13.1085,5.826,13.1085,2563236.09,1139216.04,2563236.09,28,65,6,700,3,22
49,1997,1,Andhra Pradesh,Guntur,rice,371560,2842.5,71.0625,34.11,62.535,26403982.5,12673911.6,23235504.6,25,80,6.5,1200,2,18
49,1997,1,Andhra Pradesh,Guntur,maize,10220,3322.9,89.7183,39.8748,56.4893,916921.026,407520.456,577320.646,22,70,6,800,2.5,20
49,1997,1,Andhra Pradesh,Guntur,chickpea,9900,573.74,10.32732,5.7374,10.32732,102240.468,56800.26,102240.468,20,60,6.5,600,1.5,16
49,1997,1,Andhra Pradesh,Guntur,cotton,180400,428.84,11.57868,5.14608,11.57868,2088793.872,928352.832,2088793.872,28,65,6,700,3,22
49,1998,1,Andhra Pradesh,Guntur,rice,394160,3122.49,78.06225,37.46988,68.69478,30769016.46,14769127.9,27076734.48,25,80,6.5,1200,2,18
49,1998,1,Andhra Pradesh,Guntur,maize,7760,3634.02,98.11854,43.60824,61.77834,761399.8704,338399.9424,479399.9184,22,70,6,800,2.5,20
49,1998,1,Andhra Pradesh,Guntur,chickpea,6980,2143.27,38.57886,21.4327,38.57886,269280.4428,149600.246,269280.4428,20,60,6.5,600,1.5,16
49,1998,1,Andhra Pradesh,Guntur,cotton,222980,120.25,3.24675,1.443,3.24675,723960.315,321760.14,723960.315,28,65,6,700,3,22
49,1999,1,Andhra Pradesh,Guntur,rice,375240,3117.55,77.93875,37.4106,68.5861,29245736.55,14037953.54,25736248.16,25,80,6.5,1200,2,18
49,1999,1,Andhra Pradesh,Guntur,maize,12410,4026.34,108.71118,48.31608,68.44778,1349105.744,599602.5528,849436.9498,22,70,6,800,2.5,20
49,1999,1,Andhra Pradesh,Guntur,chickpea,8630,1112.27,20.02086,11.1227,20.02086,172780.0218,95988.901,172780.0218,20,60,6.5,600,1.5,16
49,1999,1,Andhra Pradesh,Guntur,cotton,158520,293.39,7.92153,3.52068,7.92153,1255720.936,558098.1936,1255720.936,28,65,6,700,3,22
49,2000,1,Andhra Pradesh,Guntur,rice,373440,3359.95,83.99875,40.3194,73.9189,31368493.2,15056876.74,27604274.02,25,80,6.5,1200,2,18
49,2000,1,Andhra Pradesh,Guntur,maize,16830,3874.36,104.60772,46.49232,65.86412,1760547.928,782465.7456,1108493.14,22,70,6,800,2.5,20
49,2000,1,Andhra Pradesh,Guntur,chickpea,16900,2378.19,42.80742,23.7819,42.80742,723445.398,401914.11,723445.398,20,60,6.5,600,1.5,16
49,2000,1,Andhra Pradesh,Guntur,cotton,146930,325.13,8.77851,3.90156,8.77851,1289826.474,573256.2108,1289826.474,28,65,6,700,3,22
49,2001,1,Andhra Pradesh,Guntur,rice,385180,3518.86,87.9715,42.22632,77.41492,33884862.37,16264733.94,29818678.89,25,80,6.5,1200,2,18
49,2001,1,Andhra Pradesh,Guntur,maize,11120,5069.79,136.88433,60.83748,86.18643,1522153.75,676512.7776,958393.1016,22,70,6,800,2.5,20
49,2001,1,Andhra Pradesh,Guntur,chickpea,22830,1874.05,33.7329,18.7405,33.7329,770122.107,427845.615,770122.107,20,60,6.5,600,1.5,16
49,2001,1,Andhra Pradesh,Guntur,cotton,143600,481.76,13.00752,5.78112,13.00752,1867879.872,830168.832,1867879.872,28,65,6,700,3,22
49,2002,1,Andhra Pradesh,Guntur,rice,235900,3066.81,76.67025,36.80172,67.46982,18086511.97,8681525.748,15916130.54,25,80,6.5,1200,2,18
49,2002,1,Andhra Pradesh,Guntur,maize,12140,4326.19,116.80713,51.91428,73.54523,1418038.558,630239.3592,892839.0922,22,70,6,800,2.5,20
49,2002,1,Andhra Pradesh,Guntur,chickpea,40820,1321.41,23.78538,13.2141,23.78538,970919.2116,539399.562,970919.2116,20,60,6.5,600,1.5,16
49,2002,1,Andhra Pradesh,Guntur,cotton,110040,308.79,8.33733,3.70548,8.33733,917439.7932,407751.0192,917439.7932,28,65,6,700,3,22
49,2003,1,Andhra Pradesh,Guntur,rice,197480,2813.59,70.33975,33.76308,61.89898,13890693.83,6667533.038,12223810.57,25,80,6.5,1200,2,18
49,2003,1,Andhra Pradesh,Guntur,maize,31530,4629.05,124.98435,55.5486,78.69385,3940756.556,1751447.358,2481217.091,22,70,6,800,2.5,20
49,2003,1,Andhra Pradesh,Guntur,chickpea,53260,1790.15,32.2227,17.9015,32.2227,1716181.002,953433.89,1716181.002,20,60,6.5,600,1.5,16
49,2003,1,Andhra Pradesh,Guntur,cotton,155410,561.51,15.16077,6.73812,15.16077,2356135.266,1047171.229,2356135.266,28,65,6,700,3,22
49,2004,1,Andhra Pradesh,Guntur,rice,304690,3446.8,86.17,41.3616,75.8296,26255137.3,12602465.9,23104520.82,25,80,6.5,1200,2,18
49,2004,1,Andhra Pradesh,Guntur,maize,39820,7484.09,202.07043,89.80908,127.22953,8046444.523,3576197.566,5066279.885,22,70,6,800,2.5,20
49,2004,1,Andhra Pradesh,Guntur,chickpea,37120,1526.99,27.48582,15.2699,27.48582,1020273.638,566818.688,1020273.638,20,60,6.5,600,1.5,16
49,2004,1,Andhra Pradesh,Guntur,cotton,197480,533.53,14.40531,6.40236,14.40531,2844760.619,1264338.053,2844760.619,28,65,6,700,3,22
49,2005,1,Andhra Pradesh,Guntur,rice,389040,3155.03,78.87575,37.86036,69.41066,30685821.78,14729194.45,27003523.17,25,80,6.5,1200,2,18
49,2005,1,Andhra Pradesh,Guntur,maize,26940,9524.14,257.15178,114.28968,161.91038,6927668.953,3078963.979,4361865.637,22,70,6,800,2.5,20
49,2005,1,Andhra Pradesh,Guntur,chickpea,47920,1893.7,34.0866,18.937,34.0866,1633429.872,907461.04,1633429.872,20,60,6.5,600,1.5,16
49,2005,1,Andhra Pradesh,Guntur,cotton,162640,499.2,13.4784,5.9904,13.4784,2192126.976,974278.656,2192126.976,28,65,6,700,3,22
49,2006,1,Andhra Pradesh,Guntur,rice,373260,2890.78,72.2695,34.68936,63.59716,26975313.57,12948150.51,23738275.94,25,80,6.5,1200,2,18
49,2006,1,Andhra Pradesh,Guntur,maize,36740,7958.47,214.87869,95.50164,135.29399,7894643.071,3508730.254,4970701.193,22,70,6,800,2.5,20
49,2006,1,Andhra Pradesh,Guntur,chickpea,59750,1870.1,33.6618,18.701,33.6618,2011292.55,1117384.75,2011292.55,20,60,6.5,600,1.5,16
49,2006,1,Andhra Pradesh,Guntur,cotton,141820,584.16,15.77232,7.00992,15.77232,2236830.422,994146.8544,2236830.422,28,65,6,700,3,22
49,2007,1,Andhra Pradesh,Guntur,rice,366010,3476.82,86.9205,41.72184,76.49004,31813772.21,15270610.66,27996119.54,25,80,6.5,1200,2,18
49,2007,1,Andhra Pradesh,Guntur,maize,60930,8718.26,235.39302,104.61912,148.21042,14342496.71,6374442.982,9030460.891,22,70,6,800,2.5,20
49,2007,1,Andhra Pradesh,Guntur,chickpea,63490,1369.14,24.64452,13.6914,24.64452,1564680.575,869266.986,1564680.575,20,60,6.5,600,1.5,16
49,2007,1,Andhra Pradesh,Guntur,cotton,160730,763.16,20.60532,9.15792,20.60532,3311893.084,1471952.482,3311893.084,28,65,6,700,3,22
49,2008,1,Andhra Pradesh,Guntur,rice,393290,3480.46,87.0115,41.76552,76.57012,34220752.84,16425961.36,30114262.49,25,80,6.5,1200,2,18
49,2008,1,Andhra Pradesh,Guntur,maize,99610,9739.65,262.97055,116.8758,165.57405,26194496.49,11641998.44,16492831.12,22,70,6,800,2.5,20
49,2008,1,Andhra Pradesh,Guntur,chickpea,55690,1829.97,32.93946,18.2997,32.93946,1834398.527,1019110.293,1834398.527,20,60,6.5,600,1.5,16
49,2008,1,Andhra Pradesh,Guntur,cotton,185050,646.86,17.46522,7.76232,17.46522,3231938.961,1436417.316,3231938.961,28,65,6,700,3,22
49,2009,1,Andhra Pradesh,Guntur,rice,362300,3565.11,89.12775,42.78132,78.43242,32290983.83,15499672.24,28416065.77,25,80,6.5,1200,2,18
49,2009,1,Andhra Pradesh,Guntur,maize,72010,7686.19,207.52713,92.23428,130.66523,14944028.63,6641790.503,9409203.212,22,70,6,800,2.5,20
49,2009,1,Andhra Pradesh,Guntur,chickpea,52900,1637.76,29.47968,16.3776,29.47968,1559475.072,866375.04,1559475.072,20,60,6.5,600,1.5,16
49,2009,1,Andhra Pradesh,Guntur,cotton,166650,579.37,15.64299,6.95244,15.64299,2606904.284,1158624.126,2606904.284,28,65,6,700,3,22
49,2010,1,Andhra Pradesh,Guntur,rice,401590,2715.51,67.88775,32.58612,59.74122,27263041.52,13086259.93,23991476.54,25,80,6.5,1200,2,18
49,2010,1,Andhra Pradesh,Guntur,maize,84490,11120.22,300.24594,133.44264,189.04374,25367779.47,11274568.65,15972305.59,22,70,6,800,2.5,20
49,2010,1,Andhra Pradesh,Guntur,chickpea,43060,1703.62,30.66516,17.0362,30.66516,1320441.79,733578.772,1320441.79,20,60,6.5,600,1.5,16
49,2010,1,Andhra Pradesh,Guntur,cotton,193810,399.19,10.77813,4.79028,10.77813,2088909.375,928404.1668,2088909.375,28,65,6,700,3,22
49,2011,1,Andhra Pradesh,Guntur,rice,347320,3790.21,94.75525,45.48252,83.38462,32910393.43,15796988.85,28961146.22,25,80,6.5,1200,2,18
49,2011,1,Andhra Pradesh,Guntur,maize,77990,8690.45,234.64215,104.2854,147.73765,18299741.28,8133218.346,11522059.32,22,70,6,800,2.5,20
49,2011,1,Andhra Pradesh,Guntur,chickpea,55240,1589.17,28.60506,15.8917,28.60506,1580143.514,877857.508,1580143.514,20,60,6.5,600,1.5,16
49,2011,1,Andhra Pradesh,Guntur,cotton,189360,368.91,9.96057,4.42692,9.96057,1886133.535,838281.5712,1886133.535,28,65,6,700,3,22
49,2012,1,Andhra Pradesh,Guntur,rice,206870,3504.99,87.62475,42.05988,77.10978,18126932.03,8700927.376,15951700.19,25,80,6.5,1200,2,18
49,2012,1,Andhra Pradesh,Guntur,maize,92990,7835.7,211.5639,94.0284,133.2069,19673327.06,8743700.916,12386909.63,22,70,6,800,2.5,20
49,2012,1,Andhra Pradesh,Guntur,chickpea,74250,1872.83,33.71094,18.7283,33.71094,2503037.295,1390576.275,2503037.295,20,60,6.5,600,1.5,16
49,2012,1,Andhra Pradesh,Guntur,cotton,218240,626.62,16.91874,7.51944,16.91874,3692345.818,1641042.586,3692345.818,28,65,6,700,3,22
49,2013,1,Andhra Pradesh,Guntur,rice,391920,3421.25,85.53125,41.055,75.2675,33521407.5,16090275.6,29498838.6,25,80,6.5,1200,2,18
49,2013,1,Andhra Pradesh,Guntur,maize,97700,7455.9,201.3093,89.4708,126.7503,19667918.61,8741297.16,12383504.31,22,70,6,800,2.5,20
49,2013,1,Andhra Pradesh,Guntur,chickpea,41470,2021.66,36.38988,20.2166,36.38988,1509088.324,838382.402,1509088.324,20,60,6.5,600,1.5,16
49,2013,1,Andhra Pradesh,Guntur,cotton,232010,683.94,18.46638,8.20728,18.46638,4284384.824,1904171.033,4284384.824,28,65,6,700,3,22
49,2014,1,Andhra Pradesh,Guntur,rice,333740,3891.24,97.281,46.69488,85.60728,32466560.94,15583949.25,28570573.63,25,80,6.5,1200,2,18
49,2014,1,Andhra Pradesh,Guntur,maize,71920,9352.3,252.5121,112.2276,158.9891,18160670.23,8071408.992,11434496.07,22,70,6,800,2.5,20
49,2014,1,Andhra Pradesh,Guntur,chickpea,29290,1972.7,35.5086,19.727,35.5086,1040046.894,577803.83,1040046.894,20,60,6.5,600,1.5,16
49,2014,1,Andhra Pradesh,Guntur,cotton,239600,896.34,24.20118,10.75608,24.20118,5798602.728,2577156.768,5798602.728,28,65,6,700,3,22
49,2015,1,Andhra Pradesh,Guntur,rice,183640,3033.49,75.83725,36.40188,66.73678,13926752.59,6684841.243,12255542.28,25,80,6.5,1200,2,18
49,2015,1,Andhra Pradesh,Guntur,maize,36550,8651.36,233.58672,103.81632,147.07312,8537594.616,3794486.496,5375522.536,22,70,6,800,2.5,20
49,2015,1,Andhra Pradesh,Guntur,chickpea,58390,1848.85,33.2793,18.4885,33.2793,1943178.327,1079543.515,1943178.327,20,60,6.5,600,1.5,16
49,2015,1,Andhra Pradesh,Guntur,cotton,225090,675.35,18.23445,8.1042,18.23445,4104392.35,1824174.378,4104392.35,28,65,6,700,3,22
49,2016,1,Andhra Pradesh,Guntur,rice,194370,4124.67,103.11675,49.49604,90.74274,20042802.7,9620545.295,17637666.37,25,80,6.5,1200,2,18
49,2016,1,Andhra Pradesh,Guntur,maize,38590,8755.41,236.39607,105.06492,148.84197,9122524.341,4054455.263,5743811.622,22,70,6,800,2.5,20
49,2016,1,Andhra Pradesh,Guntur,chickpea,60000,1663.05,29.9349,16.6305,29.9349,1796094,997830,1796094,20,60,6.5,600,1.5,16
49,2016,1,Andhra Pradesh,Guntur,cotton,149120,816.69,22.05063,9.80028,22.05063,3288189.946,1461417.754,3288189.946,28,65,6,700,3,22
49,2017,1,Andhra Pradesh,Guntur,rice,224270,4175.12,104.378,50.10144,91.85264,23408854.06,11236249.95,20599791.57,25,80,6.5,1200,2,18
49,2017,1,Andhra Pradesh,Guntur,maize,66400,10163.33,274.40991,121.95996,172.77661,18220818.02,8098141.344,11472366.9,22,70,6,800,2.5,20
49,2017,1,Andhra Pradesh,Guntur,chickpea,81560,1532.19,27.57942,15.3219,27.57942,2249377.495,1249654.164,2249377.495,20,60,6.5,600,1.5,16
49,2017,1,Andhra Pradesh,Guntur,cotton,200100,757.01,20.43927,9.08412,20.43927,4089897.927,1817732.412,4089897.927,28,65,6,700,3,22
50,1966,1,Andhra Pradesh,S.P.S. Nellore,rice,252000,1289.68,32.242,15.47616,28.37296,8124984,3899992.32,7149985.92,25,80,6.5,1200,2,18
50,1966,1,Andhra Pradesh,S.P.S. Nellore,maize,200,500,13.5,6,8.5,2700,1200,1700,22,70,6,800,2.5,20
50,1966,1,Andhra Pradesh,S.P.S. Nellore,chickpea,300,333.33,5.99994,3.3333,5.99994,1799.982,999.99,1799.982,20,60,6.5,600,1.5,16
50,1966,1,Andhra Pradesh,S.P.S. Nellore,cotton,5000,60,1.62,0.72,1.62,8100,3600,8100,28,65,6,700,3,22
50,1967,1,Andhra Pradesh,S.P.S. Nellore,rice,230000,1086.96,27.174,13.04352,23.91312,6250020,3000009.6,5500017.6,25,80,6.5,1200,2,18
50,1967,1,Andhra Pradesh,S.P.S. Nellore,maize,100,2000,54,24,34,5400,2400,3400,22,70,6,800,2.5,20
50,1967,1,Andhra Pradesh,S.P.S. Nellore,chickpea,200,500,9,5,9,1800,1000,1800,20,60,6.5,600,1.5,16
50,1967,1,Andhra Pradesh,S.P.S. Nellore,cotton,6000,16.67,0.45009,0.20004,0.45009,2700.54,1200.24,2700.54,28,65,6,700,3,22
50,1968,1,Andhra Pradesh,S.P.S. Nellore,rice,200600,987.04,24.676,11.84448,21.71488,4950005.6,2376002.688,4356004.928,25,80,6.5,1200,2,18
50,1968,1,Andhra Pradesh,S.P.S. Nellore,maize,100,1000,27,12,17,2700,1200,1700,22,70,6,800,2.5,20
50,1968,1,Andhra Pradesh,S.P.S. Nellore,chickpea,200,500,9,5,9,1800,1000,1800,20,60,6.5,600,1.5,16
50,1968,1,Andhra Pradesh,S.P.S. Nellore,cotton,4700,21.28,0.57456,0.25536,0.57456,2700.432,1200.192,2700.432,28,65,6,700,3,22
50,1969,1,Andhra Pradesh,S.P.S. Nellore,rice,253600,1207.41,30.18525,14.48892,26.56302,7654979.4,3674390.112,6736381.872,25,80,6.5,1200,2,18
50,1969,1,Andhra Pradesh,S.P.S. Nellore,cotton,5800,51.72,1.39644,0.62064,1.39644,8099.352,3599.712,8099.352,28,65,6,700,3,22
50,1970,1,Andhra Pradesh,S.P.S. Nellore,rice,223000,940.36,23.509,11.28432,20.68792,5242507,2516403.36,4613406.16,25,80,6.5,1200,2,18
50,1970,1,Andhra Pradesh,S.P.S. Nellore,maize,100,1000,27,12,17,2700,1200,1700,22,70,6,800,2.5,20
50,1971,1,Andhra Pradesh,S.P.S. Nellore,rice,216400,1357.67,33.94175,16.29204,29.86874,7344994.7,3525597.456,6463595.336,25,80,6.5,1200,2,18
50,1971,1,Andhra Pradesh,S.P.S. Nellore,maize,100,1000,27,12,17,2700,1200,1700,22,70,6,800,2.5,20
50,1971,1,Andhra Pradesh,S.P.S. Nellore,cotton,1900,157.89,4.26303,1.89468,4.26303,8099.757,3599.892,8099.757,28,65,6,700,3,22
50,1972,1,Andhra Pradesh,S.P.S. Nellore,rice,222300,1098.52,27.463,13.18224,24.16744,6105024.9,2930411.952,5372421.912,25,80,6.5,1200,2,18
50,1972,1,Andhra Pradesh,S.P.S. Nellore,maize,100,1000,27,12,17,2700,1200,1700,22,70,6,800,2.5,20
50,1972,1,Andhra Pradesh,S.P.S. Nellore,cotton,1100,90.91,2.45457,1.09092,2.45457,2700.027,1200.012,2700.027,28,65,6,700,3,22
50,1973,1,Andhra Pradesh,S.P.S. Nellore,rice,221200,1227.4,30.685,14.7288,27.0028,6787522,3258010.56,5973019.36,25,80,6.5,1200,2,18
50,1973,1,Andhra Pradesh,S.P.S. Nellore,maize,100,1000,27,12,17,2700,1200,1700,22,70,6,800,2.5,20
50,1973,1,Andhra Pradesh,S.P.S. Nellore,chickpea,300,333.33,5.99994,3.3333,5.99994,1799.982,999.99,1799.982,20,60,6.5,600,1.5,16
50,1973,1,Andhra Pradesh,S.P.S. Nellore,cotton,3700,216.22,5.83794,2.59464,5.83794,21600.378,9600.168,21600.378,28,65,6,700,3,22
50,1974,1,Andhra Pradesh,S.P.S. Nellore,rice,224800,1342.08,33.552,16.10496,29.52576,7542489.6,3620395.008,6637390.848,25,80,6.5,1200,2,18
50,1974,1,Andhra Pradesh,S.P.S. Nellore,maize,100,2000,54,24,34,5400,2400,3400,22,70,6,800,2.5,20
50,1974,1,Andhra Pradesh,S.P.S. Nellore,chickpea,200,500,9,5,9,1800,1000,1800,20,60,6.5,600,1.5,16
50,1974,1,Andhra Pradesh,S.P.S. Nellore,cotton,17700,457.63,12.35601,5.49156,12.35601,218701.377,97200.612,218701.377,28,65,6,700,3,22
50,1975,1,Andhra Pradesh,S.P.S. Nellore,rice,242300,1597.61,39.94025,19.17132,35.14742,9677522.575,4645210.836,8516219.866,25,80,6.5,1200,2,18
50,1975,1,Andhra Pradesh,S.P.S. Nellore,maize,100,2000,54,24,34,5400,2400,3400,22,70,6,800,2.5,20
50,1975,1,Andhra Pradesh,S.P.S. Nellore,chickpea,100,2000,36,20,36,3600,2000,3600,20,60,6.5,600,1.5,16
50,1975,1,Andhra Pradesh,S.P.S. Nellore,cotton,12400,435.48,11.75796,5.22576,11.75796,145798.704,64799.424,145798.704,28,65,6,700,3,22
50,1976,1,Andhra Pradesh,S.P.S. Nellore,rice,245100,1222.36,30.559,14.66832,26.89192,7490010.9,3595205.232,6591209.592,25,80,6.5,1200,2,18
50,1976,1,Andhra Pradesh,S.P.S. Nellore,maize,100,2000,54,24,34,5400,2400,3400,22,70,6,800,2.5,20
50,1976,1,Andhra Pradesh,S.P.S. Nellore,chickpea,400,500,9,5,9,3600,2000,3600,20,60,6.5,600,1.5,16
50,1976,1,Andhra Pradesh,S.P.S. Nellore,cotton,15100,344.37,9.29799,4.13244,9.29799,140399.649,62399.844,140399.649,28,65,6,700,3,22
50,1977,1,Andhra Pradesh,S.P.S. Nellore,rice,233600,1437.5,35.9375,17.25,31.625,8395000,4029600,7387600,25,80,6.5,1200,2,18
50,1977,1,Andhra Pradesh,S.P.S. Nellore,maize,100,2000,54,24,34,5400,2400,3400,22,70,6,800,2.5,20
50,1977,1,Andhra Pradesh,S.P.S. Nellore,chickpea,400,500,9,5,9,3600,2000,3600,20,60,6.5,600,1.5,16
50,1977,1,Andhra Pradesh,S.P.S. Nellore,cotton,17800,95.51,2.57877,1.14612,2.57877,45902.106,20400.936,45902.106,28,65,6,700,3,22
50,1978,1,Andhra Pradesh,S.P.S. Nellore,rice,251400,1455.45,36.38625,17.4654,32.0199,9147503.25,4390801.56,8049802.86,25,80,6.5,1200,2,18
50,1978,1,Andhra Pradesh,S.P.S. Nellore,maize,200,2000,54,24,34,10800,4800,6800,22,70,6,800,2.5,20
50,1978,1,Andhra Pradesh,S.P.S. Nellore,chickpea,300,333.33,5.99994,3.3333,5.99994,1799.982,999.99,1799.982,20,60,6.5,600,1.5,16
50,1978,1,Andhra Pradesh,S.P.S. Nellore,cotton,17600,369.32,9.97164,4.43184,9.97164,175500.864,78000.384,175500.864,28,65,6,700,3,22
50,1979,1,Andhra Pradesh,S.P.S. Nellore,rice,264000,1859.85,46.49625,22.3182,40.9167,12275010,5892004.8,10802008.8,25,80,6.5,1200,2,18
50,1979,1,Andhra Pradesh,S.P.S. Nellore,maize,100,1000,27,12,17,2700,1200,1700,22,70,6,800,2.5,20
50,1979,1,Andhra Pradesh,S.P.S. Nellore,chickpea,300,333.33,5.99994,3.3333,5.99994,1799.982,999.99,1799.982,20,60,6.5,600,1.5,16
50,1979,1,Andhra Pradesh,S.P.S. Nellore,cotton,18700,454.55,12.27285,5.4546,12.27285,229502.295,102001.02,229502.295,28,65,6,700,3,22
50,1980,1,Andhra Pradesh,S.P.S. Nellore,rice,232000,1831.9,45.7975,21.9828,40.3018,10625020,5100009.6,9350017.6,25,80,6.5,1200,2,18
50,1980,1,Andhra Pradesh,S.P.S. Nellore,maize,200,5000,135,60,85,27000,12000,17000,22,70,6,800,2.5,20
50,1980,1,Andhra Pradesh,S.P.S. Nellore,chickpea,200,500,9,5,9,1800,1000,1800,20,60,6.5,600,1.5,16
50,1980,1,Andhra Pradesh,S.P.S. Nellore,cotton,19200,520.83,14.06241,6.24996,14.06241,269998.272,119999.232,269998.272,28,65,6,700,3,22
50,1981,1,Andhra Pradesh,S.P.S. Nellore,rice,255000,2031.37,50.78425,24.37644,44.69014,12949983.75,6215992.2,11395985.7,25,80,6.5,1200,2,18
50,1981,1,Andhra Pradesh,S.P.S. Nellore,maize,300,3666.67,99.00009,44.00004,62.33339,29700.027,13200.012,18700.017,22,70,6,800,2.5,20
50,1981,1,Andhra Pradesh,S.P.S. Nellore,chickpea,200,500,9,5,9,1800,1000,1800,20,60,6.5,600,1.5,16
50,1981,1,Andhra Pradesh,S.P.S. Nellore,cotton,21700,658.99,17.79273,7.90788,17.79273,386102.241,171600.996,386102.241,28,65,6,700,3,22
50,1982,1,Andhra Pradesh,S.P.S. Nellore,rice,229900,1720.31,43.00775,20.64372,37.84682,9887481.725,4745991.228,8700983.918,25,80,6.5,1200,2,18
50,1982,1,Andhra Pradesh,S.P.S. Nellore,maize,100,7000,189,84,119,18900,8400,11900,22,70,6,800,2.5,20
50,1982,1,Andhra Pradesh,S.P.S. Nellore,chickpea,300,666.67,12.00006,6.6667,12.00006,3600.018,2000.01,3600.018,20,60,6.5,600,1.5,16
50,1982,1,Andhra Pradesh,S.P.S. Nellore,cotton,20300,487.68,13.16736,5.85216,13.16736,267297.408,118798.848,267297.408,28,65,6,700,3,22
50,1983,1,Andhra Pradesh,S.P.S. Nellore,rice,260100,2028.45,50.71125,24.3414,44.6259,13189996.13,6331198.14,11607196.59,25,80,6.5,1200,2,18
50,1983,1,Andhra Pradesh,S.P.S. Nellore,maize,100,5000,135,60,85,13500,6000,8500,22,70,6,800,2.5,20
50,1983,1,Andhra Pradesh,S.P.S. Nellore,chickpea,300,666.67,12.00006,6.6667,12.00006,3600.018,2000.01,3600.018,20,60,6.5,600,1.5,16
50,1983,1,Andhra Pradesh,S.P.S. Nellore,cotton,21800,876.15,23.65605,10.5138,23.65605,515701.89,229200.84,515701.89,28,65,6,700,3,22
50,1984,1,Andhra Pradesh,S.P.S. Nellore,rice,233500,1803,45.075,21.636,39.666,10525012.5,5052006,9262011,25,80,6.5,1200,2,18
50,1984,1,Andhra Pradesh,S.P.S. Nellore,maize,100,2000,54,24,34,5400,2400,3400,22,70,6,800,2.5,20
50,1984,1,Andhra Pradesh,S.P.S. Nellore,chickpea,400,500,9,5,9,3600,2000,3600,20,60,6.5,600,1.5,16
50,1984,1,Andhra Pradesh,S.P.S. Nellore,cotton,41500,325.3,8.7831,3.9036,8.7831,364498.65,161999.4,364498.65,28,65,6,700,3,22
50,1985,1,Andhra Pradesh,S.P.S. Nellore,rice,251200,2171.18,54.2795,26.05416,47.76596,13635010.4,6544804.992,11998809.15,25,80,6.5,1200,2,18
50,1985,1,Andhra Pradesh,S.P.S. Nellore,chickpea,600,500,9,5,9,5400,3000,5400,20,60,6.5,600,1.5,16
50,1985,1,Andhra Pradesh,S.P.S. Nellore,cotton,35700,221.29,5.97483,2.65548,5.97483,213301.431,94800.636,213301.431,28,65,6,700,3,22
50,1986,1,Andhra Pradesh,S.P.S. Nellore,rice,248000,2290.32,57.258,27.48384,50.38704,14199984,6815992.32,12495985.92,25,80,6.5,1200,2,18
50,1986,1,Andhra Pradesh,S.P.S. Nellore,maize,1000,1000,27,12,17,27000,12000,17000,22,70,6,800,2.5,20
50,1986,1,Andhra Pradesh,S.P.S. Nellore,chickpea,1000,1000,18,10,18,18000,10000,18000,20,60,6.5,600,1.5,16
50,1986,1,Andhra Pradesh,S.P.S. Nellore,cotton,13000,307.69,8.30763,3.69228,8.30763,107999.19,47999.64,107999.19,28,65,6,700,3,22
50,1987,1,Andhra Pradesh,S.P.S. Nellore,rice,246000,2508.13,62.70325,30.09756,55.17886,15424999.5,7403999.76,13573999.56,25,80,6.5,1200,2,18
50,1987,1,Andhra Pradesh,S.P.S. Nellore,maize,500,2000,54,24,34,27000,12000,17000,22,70,6,800,2.5,20
50,1987,1,Andhra Pradesh,S.P.S. Nellore,cotton,31000,129.03,3.48381,1.54836,3.48381,107998.11,47999.16,107998.11,28,65,6,700,3,22
50,1988,1,Andhra Pradesh,S.P.S. Nellore,rice,272400,2486.42,62.1605,29.83704,54.70124,16932520.2,8127609.696,14900617.78,25,80,6.5,1200,2,18
50,1988,1,Andhra Pradesh,S.P.S. Nellore,maize,1000,1900,51.3,22.8,32.3,51300,22800,32300,22,70,6,800,2.5,20
50,1988,1,Andhra Pradesh,S.P.S. Nellore,chickpea,600,166.67,3.00006,1.6667,3.00006,1800.036,1000.02,1800.036,20,60,6.5,600,1.5,16
50,1988,1,Andhra Pradesh,S.P.S. Nellore,cotton,27400,156.93,4.23711,1.88316,4.23711,116096.814,51598.584,116096.814,28,65,6,700,3,22
50,1989,1,Andhra Pradesh,S.P.S. Nellore,rice,266000,2471.8,61.795,29.6616,54.3796,16437470,7889985.6,14464973.6,25,80,6.5,1200,2,18
50,1989,1,Andhra Pradesh,S.P.S. Nellore,maize,3400,2211.76,59.71752,26.54112,37.59992,203039.568,90239.808,127839.728,22,70,6,800,2.5,20
50,1989,1,Andhra Pradesh,S.P.S. Nellore,chickpea,1600,812.5,14.625,8.125,14.625,23400,13000,23400,20,60,6.5,600,1.5,16
50,1989,1,Andhra Pradesh,S.P.S. Nellore,cotton,18600,317.2,8.5644,3.8064,8.5644,159297.84,70799.04,159297.84,28,65,6,700,3,22
50,1990,1,Andhra Pradesh,S.P.S. Nellore,rice,277710,2636.84,65.921,31.64208,58.01048,18306920.91,8787322.037,16110090.4,25,80,6.5,1200,2,18
50,1990,1,Andhra Pradesh,S.P.S. Nellore,maize,3570,1959.15,52.89705,23.5098,33.30555,188842.4685,83929.986,118900.8135,22,70,6,800,2.5,20
50,1990,1,Andhra Pradesh,S.P.S. Nellore,chickpea,1040,1300.48,23.40864,13.0048,23.40864,24344.9856,13524.992,24344.9856,20,60,6.5,600,1.5,16
50,1990,1,Andhra Pradesh,S.P.S. Nellore,cotton,18630,398.1,10.7487,4.7772,10.7487,200248.281,88999.236,200248.281,28,65,6,700,3,22
50,1991,1,Andhra Pradesh,S.P.S. Nellore,rice,285000,2187.62,54.6905,26.25144,48.12764,15586792.5,7481660.4,13716377.4,25,80,6.5,1200,2,18
50,1991,1,Andhra Pradesh,S.P.S. Nellore,maize,3750,2037.38,55.00926,24.44856,34.63546,206284.725,91682.1,129882.975,22,70,6,800,2.5,20
50,1991,1,Andhra Pradesh,S.P.S. Nellore,chickpea,1010,692.69,12.46842,6.9269,12.46842,12593.1042,6996.169,12593.1042,20,60,6.5,600,1.5,16
50,1991,1,Andhra Pradesh,S.P.S. Nellore,cotton,23010,492.09,13.28643,5.90508,13.28643,305720.7543,135875.8908,305720.7543,28,65,6,700,3,22
50,1992,1,Andhra Pradesh,S.P.S. Nellore,rice,256360,2320.83,58.02075,27.84996,51.05826,14874199.47,7139615.746,13089295.53,25,80,6.5,1200,2,18
50,1992,1,Andhra Pradesh,S.P.S. Nellore,maize,4660,2855.64,77.10228,34.26768,48.54588,359296.6248,159687.3888,226223.8008,22,70,6,800,2.5,20
50,1992,1,Andhra Pradesh,S.P.S. Nellore,chickpea,1250,743.46,13.38228,7.4346,13.38228,16727.85,9293.25,16727.85,20,60,6.5,600,1.5,16
50,1992,1,Andhra Pradesh,S.P.S. Nellore,cotton,26210,271.84,7.33968,3.26208,7.33968,192373.0128,85499.1168,192373.0128,28,65,6,700,3,22
50,1993,1,Andhra Pradesh,S.P.S. Nellore,rice,276920,2959.27,73.98175,35.51124,65.10394,20487026.21,9833772.581,18028583.06,25,80,6.5,1200,2,18
50,1993,1,Andhra Pradesh,S.P.S. Nellore,maize,3420,3333.33,89.99991,39.99996,56.66661,307799.6922,136799.8632,193799.8062,22,70,6,800,2.5,20
50,1993,1,Andhra Pradesh,S.P.S. Nellore,chickpea,3420,666.67,12.00006,6.6667,12.00006,41040.2052,22800.114,41040.2052,20,60,6.5,600,1.5,16
50,1993,1,Andhra Pradesh,S.P.S. Nellore,cotton,23760,423.28,11.42856,5.07936,11.42856,271542.5856,120685.5936,271542.5856,28,65,6,700,3,22
50,1994,1,Andhra Pradesh,S.P.S. Nellore,rice,261300,2800.54,70.0135,33.60648,61.61188,18294527.55,8781373.224,16099184.24,25,80,6.5,1200,2,18
50,1994,1,Andhra Pradesh,S.P.S. Nellore,maize,3420,3222.22,86.99994,38.66664,54.77774,297539.7948,132239.9088,187339.8708,22,70,6,800,2.5,20
50,1994,1,Andhra Pradesh,S.P.S. Nellore,chickpea,6460,1588.24,28.58832,15.8824,28.58832,184680.5472,102600.304,184680.5472,20,60,6.5,600,1.5,16
50,1994,1,Andhra Pradesh,S.P.S. Nellore,cotton,28000,291.55,7.87185,3.4986,7.87185,220411.8,97960.8,220411.8,28,65,6,700,3,22
50,1995,1,Andhra Pradesh,S.P.S. Nellore,rice,254660,2278.17,56.95425,27.33804,50.11974,14503969.31,6961905.266,12763492.99,25,80,6.5,1200,2,18
50,1995,1,Andhra Pradesh,S.P.S. Nellore,maize,5320,3357.14,90.64278,40.28568,57.07138,482219.5896,214319.8176,303619.7416,22,70,6,800,2.5,20
50,1995,1,Andhra Pradesh,S.P.S. Nellore,chickpea,2280,1333.33,23.99994,13.3333,23.99994,54719.8632,30399.924,54719.8632,20,60,6.5,600,1.5,16
50,1995,1,Andhra Pradesh,S.P.S. Nellore,cotton,25900,267.67,7.22709,3.21204,7.22709,187181.631,83191.836,187181.631,28,65,6,700,3,22
50,1996,1,Andhra Pradesh,S.P.S. Nellore,rice,280200,2807.99,70.19975,33.69588,61.77578,19669969.95,9441585.576,17309573.56,25,80,6.5,1200,2,18
50,1996,1,Andhra Pradesh,S.P.S. Nellore,maize,6840,5333.33,143.99991,63.99996,90.66661,984959.3844,437759.7264,620159.6124,22,70,6,800,2.5,20
50,1996,1,Andhra Pradesh,S.P.S. Nellore,chickpea,3800,1600,28.8,16,28.8,109440,60800,109440,20,60,6.5,600,1.5,16
50,1996,1,Andhra Pradesh,S.P.S. Nellore,cotton,23620,412.55,11.13885,4.9506,11.13885,263099.637,116933.172,263099.637,28,65,6,700,3,22
50,1997,1,Andhra Pradesh,S.P.S. Nellore,rice,282680,2842.37,71.05925,34.10844,62.53214,20087028.79,9641773.819,17676585.34,25,80,6.5,1200,2,18
50,1997,1,Andhra Pradesh,S.P.S. Nellore,maize,2660,3714.29,100.28583,44.57148,63.14293,266760.3078,118560.1368,167960.1938,22,70,6,800,2.5,20
50,1997,1,Andhra Pradesh,S.P.S. Nellore,chickpea,5700,533.33,9.59994,5.3333,9.59994,54719.658,30399.81,54719.658,20,60,6.5,600,1.5,16
50,1997,1,Andhra Pradesh,S.P.S. Nellore,cotton,24200,275.65,7.44255,3.3078,7.44255,180109.71,80048.76,180109.71,28,65,6,700,3,22
50,1998,1,Andhra Pradesh,S.P.S. Nellore,rice,283480,2992.38,74.8095,35.90856,65.83236,21206997.06,10179358.59,18662157.41,25,80,6.5,1200,2,18
50,1998,1,Andhra Pradesh,S.P.S. Nellore,maize,2280,3333.33,89.99991,39.99996,56.66661,205199.7948,91199.9088,129199.8708,22,70,6,800,2.5,20
50,1998,1,Andhra Pradesh,S.P.S. Nellore,chickpea,4940,2000,36,20,36,177840,98800,177840,20,60,6.5,600,1.5,16
50,1998,1,Andhra Pradesh,S.P.S. Nellore,cotton,30940,204.18,5.51286,2.45016,5.51286,170567.8884,75807.9504,170567.8884,28,65,6,700,3,22
50,1999,1,Andhra Pradesh,S.P.S. Nellore,rice,245740,2708.49,67.71225,32.50188,59.58678,16639608.32,7987011.991,14642855.32,25,80,6.5,1200,2,18
50,1999,1,Andhra Pradesh,S.P.S. Nellore,maize,3980,4336.5,117.0855,52.038,73.7205,466000.29,207111.24,293407.59,22,70,6,800,2.5,20
50,1999,1,Andhra Pradesh,S.P.S. Nellore,chickpea,6530,1111.44,20.00592,11.1144,20.00592,130638.6576,72577.032,130638.6576,20,60,6.5,600,1.5,16
50,1999,1,Andhra Pradesh,S.P.S. Nellore,cotton,20410,208.13,5.61951,2.49756,5.61951,114694.1991,50975.1996,114694.1991,28,65,6,700,3,22
50,2000,1,Andhra Pradesh,S.P.S. Nellore,rice,243960,2947.09,73.67725,35.36508,64.83598,17974301.91,8627664.917,15817385.68,25,80,6.5,1200,2,18
50,2000,1,Andhra Pradesh,S.P.S. Nellore,maize,6130,3919.5,105.8265,47.034,66.6315,648716.445,288318.42,408451.095,22,70,6,800,2.5,20
50,2000,1,Andhra Pradesh,S.P.S. Nellore,chickpea,13410,2379.15,42.8247,23.7915,42.8247,574279.227,319044.015,574279.227,20,60,6.5,600,1.5,16
50,2000,1,Andhra Pradesh,S.P.S. Nellore,cotton,25540,251.56,6.79212,3.01872,6.79212,173470.7448,77098.1088,173470.7448,28,65,6,700,3,22
50,2001,1,Andhra Pradesh,S.P.S. Nellore,rice,266400,3391.1,84.7775,40.6932,74.6042,22584726,10840668.48,19874558.88,25,80,6.5,1200,2,18
50,2001,1,Andhra Pradesh,S.P.S. Nellore,maize,3570,4996.64,134.90928,59.95968,84.94288,481626.1296,214056.0576,303246.0816,22,70,6,800,2.5,20
50,2001,1,Andhra Pradesh,S.P.S. Nellore,chickpea,17460,1873.64,33.72552,18.7364,33.72552,588847.5792,327137.544,588847.5792,20,60,6.5,600,1.5,16
50,2001,1,Andhra Pradesh,S.P.S. Nellore,cotton,20850,333.74,9.01098,4.00488,9.01098,187878.933,83501.748,187878.933,28,65,6,700,3,22
50,2002,1,Andhra Pradesh,S.P.S. Nellore,rice,243700,2992.94,74.8235,35.91528,65.84468,18234486.95,8752553.736,16046348.52,25,80,6.5,1200,2,18
50,2002,1,Andhra Pradesh,S.P.S. Nellore,maize,3420,1333.33,35.99991,15.99996,22.66661,123119.6922,54719.8632,77519.8062,22,70,6,800,2.5,20
50,2002,1,Andhra Pradesh,S.P.S. Nellore,chickpea,27460,1340.86,24.13548,13.4086,24.13548,662760.2808,368200.156,662760.2808,20,60,6.5,600,1.5,16
50,2002,1,Andhra Pradesh,S.P.S. Nellore,cotton,15120,232.06,6.26562,2.78472,6.26562,94736.1744,42104.9664,94736.1744,28,65,6,700,3,22
50,2003,1,Andhra Pradesh,S.P.S. Nellore,rice,172450,2668.68,66.717,32.02416,58.71096,11505346.65,5522566.392,10124705.05,25,80,6.5,1200,2,18
50,2003,1,Andhra Pradesh,S.P.S. Nellore,maize,3900,2299.69,62.09163,27.59628,39.09473,242157.357,107625.492,152469.447,22,70,6,800,2.5,20
50,2003,1,Andhra Pradesh,S.P.S. Nellore,chickpea,32410,1790.24,32.22432,17.9024,32.22432,1044390.211,580216.784,1044390.211,20,60,6.5,600,1.5,16
50,2003,1,Andhra Pradesh,S.P.S. Nellore,cotton,23600,380.39,10.27053,4.56468,10.27053,242384.508,107726.448,242384.508,28,65,6,700,3,22
50,2004,1,Andhra Pradesh,S.P.S. Nellore,rice,222310,3389.14,84.7285,40.66968,74.56108,18835992.84,9041276.561,16575673.69,25,80,6.5,1200,2,18
50,2004,1,Andhra Pradesh,S.P.S. Nellore,maize,3600,2392.95,64.60965,28.7154,40.68015,232594.74,103375.44,146448.54,22,70,6,800,2.5,20
50,2004,1,Andhra Pradesh,S.P.S. Nellore,chickpea,30610,1526.95,27.4851,15.2695,27.4851,841318.911,467399.395,841318.911,20,60,6.5,600,1.5,16
50,2004,1,Andhra Pradesh,S.P.S. Nellore,cotton,22600,302.01,8.15427,3.62412,8.15427,184286.502,81905.112,184286.502,28,65,6,700,3,22
50,2005,1,Andhra Pradesh,S.P.S. Nellore,rice,264490,3604.45,90.11125,43.2534,79.2979,23833524.51,11440091.77,20973501.57,25,80,6.5,1200,2,18
50,2005,1,Andhra Pradesh,S.P.S. Nellore,maize,2360,4973.77,134.29179,59.68524,84.55409,316928.6244,140857.1664,199547.6524,22,70,6,800,2.5,20
50,2005,1,Andhra Pradesh,S.P.S. Nellore,chickpea,37450,1941.18,34.94124,19.4118,34.94124,1308549.438,726971.91,1308549.438,20,60,6.5,600,1.5,16
50,2005,1,Andhra Pradesh,S.P.S. Nellore,cotton,12410,317,8.559,3.804,8.559,106217.19,47207.64,106217.19,28,65,6,700,3,22
50,2006,1,Andhra Pradesh,S.P.S. Nellore,rice,287930,3532.66,88.3165,42.39192,77.71852,25428969.85,12205905.53,22377493.46,25,80,6.5,1200,2,18
50,2006,1,Andhra Pradesh,S.P.S. Nellore,maize,1480,5729.34,154.69218,68.75208,97.39878,228944.4264,101753.0784,144150.1944,22,70,6,800,2.5,20
50,2006,1,Andhra Pradesh,S.P.S. Nellore,chickpea,50540,1939.51,34.91118,19.3951,34.91118,1764411.037,980228.354,1764411.037,20,60,6.5,600,1.5,16
50,2006,1,Andhra Pradesh,S.P.S. Nellore,cotton,11420,403.07,10.88289,4.83684,10.88289,124282.6038,55236.7128,124282.6038,28,65,6,700,3,22
50,2007,1,Andhra Pradesh,S.P.S. Nellore,rice,282960,3645.23,91.13075,43.74276,80.19506,25786357.02,12377451.37,22691994.18,25,80,6.5,1200,2,18
50,2007,1,Andhra Pradesh,S.P.S. Nellore,maize,2080,5896.35,159.20145,70.7562,100.23795,331139.016,147172.896,208494.936,22,70,6,800,2.5,20
50,2007,1,Andhra Pradesh,S.P.S. Nellore,chickpea,52600,1172.17,21.09906,11.7217,21.09906,1109810.556,616561.42,1109810.556,20,60,6.5,600,1.5,16
50,2007,1,Andhra Pradesh,S.P.S. Nellore,cotton,14140,562.01,15.17427,6.74412,15.17427,214564.1778,95361.8568,214564.1778,28,65,6,700,3,22
50,2008,1,Andhra Pradesh,S.P.S. Nellore,rice,307020,3843.64,96.091,46.12368,84.56008,29501858.82,14160892.23,25961635.76,25,80,6.5,1200,2,18
50,2008,1,Andhra Pradesh,S.P.S. Nellore,maize,3380,5644.83,152.41041,67.73796,95.96211,515147.1858,228954.3048,324351.9318,22,70,6,800,2.5,20
50,2008,1,Andhra Pradesh,S.P.S. Nellore,chickpea,46110,1627.44,29.29392,16.2744,29.29392,1350742.651,750412.584,1350742.651,20,60,6.5,600,1.5,16
50,2008,1,Andhra Pradesh,S.P.S. Nellore,cotton,22380,567.25,15.31575,6.807,15.31575,342766.485,152340.66,342766.485,28,65,6,700,3,22
50,2009,1,Andhra Pradesh,S.P.S. Nellore,rice,315990,3765.82,94.1455,45.18984,82.84804,29749036.54,14279537.54,26179152.16,25,80,6.5,1200,2,18
50,2009,1,Andhra Pradesh,S.P.S. Nellore,maize,3040,7711.87,208.22049,92.54244,131.10179,632990.2896,281329.0176,398549.4416,22,70,6,800,2.5,20
50,2009,1,Andhra Pradesh,S.P.S. Nellore,chickpea,45840,1622.67,29.20806,16.2267,29.20806,1338897.47,743831.928,1338897.47,20,60,6.5,600,1.5,16
50,2009,1,Andhra Pradesh,S.P.S. Nellore,cotton,17090,499.54,13.48758,5.99448,13.48758,230502.7422,102445.6632,230502.7422,28,65,6,700,3,22
50,2010,1,Andhra Pradesh,S.P.S. Nellore,rice,330440,3640.34,91.0085,43.68408,80.08748,30072848.74,14434967.4,26464106.89,25,80,6.5,1200,2,18
50,2010,1,Andhra Pradesh,S.P.S. Nellore,maize,3980,8331.57,224.95239,99.97884,141.63669,895310.5122,397915.7832,563714.0262,22,70,6,800,2.5,20
50,2010,1,Andhra Pradesh,S.P.S. Nellore,chickpea,37370,1608.95,28.9611,16.0895,28.9611,1082276.307,601264.615,1082276.307,20,60,6.5,600,1.5,16
50,2010,1,Andhra Pradesh,S.P.S. Nellore,cotton,27800,357.3,9.6471,4.2876,9.6471,268189.38,119195.28,268189.38,28,65,6,700,3,22
50,2011,1,Andhra Pradesh,S.P.S. Nellore,rice,299610,3984.22,99.6055,47.81064,87.65284,29842803.85,14324545.85,26261667.39,25,80,6.5,1200,2,18
50,2011,1,Andhra Pradesh,S.P.S. Nellore,maize,6580,7522.6,203.1102,90.2712,127.8842,1336465.116,593984.496,841478.036,22,70,6,800,2.5,20
50,2011,1,Andhra Pradesh,S.P.S. Nellore,chickpea,47920,1443.29,25.97922,14.4329,25.97922,1244924.222,691624.568,1244924.222,20,60,6.5,600,1.5,16
50,2011,1,Andhra Pradesh,S.P.S. Nellore,cotton,38950,383.89,10.36503,4.60668,10.36503,403717.9185,179430.186,403717.9185,28,65,6,700,3,22
50,2012,1,Andhra Pradesh,S.P.S. Nellore,rice,270940,4054.89,101.37225,48.65868,89.20758,27465797.41,13183582.76,24169901.73,25,80,6.5,1200,2,18
50,2012,1,Andhra Pradesh,S.P.S. Nellore,maize,9570,6341.43,171.21861,76.09716,107.80431,1638562.098,728249.8212,1031687.247,22,70,6,800,2.5,20
50,2012,1,Andhra Pradesh,S.P.S. Nellore,chickpea,54140,1721.34,30.98412,17.2134,30.98412,1677480.257,931933.476,1677480.257,20,60,6.5,600,1.5,16
50,2012,1,Andhra Pradesh,S.P.S. Nellore,cotton,32680,508.5,13.7295,6.102,13.7295,448680.06,199413.36,448680.06,28,65,6,700,3,22
50,2013,1,Andhra Pradesh,S.P.S. Nellore,rice,277550,4011.42,100.2855,48.13704,88.25124,27834240.53,13360435.45,24494131.66,25,80,6.5,1200,2,18
50,2013,1,Andhra Pradesh,S.P.S. Nellore,maize,10700,7411.54,200.11158,88.93848,125.99618,2141193.906,951641.736,1348159.126,22,70,6,800,2.5,20
50,2013,1,Andhra Pradesh,S.P.S. Nellore,chickpea,33830,1803.85,32.4693,18.0385,32.4693,1098436.419,610242.455,1098436.419,20,60,6.5,600,1.5,16
50,2013,1,Andhra Pradesh,S.P.S. Nellore,cotton,38840,573.27,15.47829,6.87924,15.47829,601176.7836,267189.6816,601176.7836,28,65,6,700,3,22
50,2014,1,Andhra Pradesh,S.P.S. Nellore,rice,280730,4001.19,100.02975,48.01428,88.02618,28081351.72,13479048.82,24711589.51,25,80,6.5,1200,2,18
50,2014,1,Andhra Pradesh,S.P.S. Nellore,maize,7310,7647.06,206.47062,91.76472,130.00002,1509300.232,670800.1032,950300.1462,22,70,6,800,2.5,20
50,2014,1,Andhra Pradesh,S.P.S. Nellore,chickpea,22980,1892.56,34.06608,18.9256,34.06608,782838.5184,434910.288,782838.5184,20,60,6.5,600,1.5,16
50,2014,1,Andhra Pradesh,S.P.S. Nellore,cotton,36910,615.01,16.60527,7.38012,16.60527,612900.5157,272400.2292,612900.5157,28,65,6,700,3,22
50,2015,1,Andhra Pradesh,S.P.S. Nellore,rice,305120,4449.4,111.235,53.3928,97.8868,33940023.2,16291211.14,29867220.42,25,80,6.5,1200,2,18
50,2015,1,Andhra Pradesh,S.P.S. Nellore,maize,4610,5855.7,158.1039,70.2684,99.5469,728858.979,323937.324,458911.209,22,70,6,800,2.5,20
50,2015,1,Andhra Pradesh,S.P.S. Nellore,chickpea,42060,1832.5,32.985,18.325,32.985,1387349.1,770749.5,1387349.1,20,60,6.5,600,1.5,16
50,2015,1,Andhra Pradesh,S.P.S. Nellore,cotton,27750,490.84,13.25268,5.89008,13.25268,367761.87,163449.72,367761.87,28,65,6,700,3,22
50,2016,1,Andhra Pradesh,S.P.S. Nellore,rice,219860,4183.55,104.58875,50.2026,92.0381,22994882.58,11037543.64,20235496.67,25,80,6.5,1200,2,18
50,2016,1,Andhra Pradesh,S.P.S. Nellore,maize,3830,6723.43,181.53261,80.68116,114.29831,695269.8963,309008.8428,437762.5273,22,70,6,800,2.5,20
50,2016,1,Andhra Pradesh,S.P.S. Nellore,chickpea,44630,1285.87,23.14566,12.8587,23.14566,1032990.806,573883.781,1032990.806,20,60,6.5,600,1.5,16
50,2016,1,Andhra Pradesh,S.P.S. Nellore,cotton,13600,489.46,13.21542,5.87352,13.21542,179729.712,79879.872,179729.712,28,65,6,700,3,22
50,2017,1,Andhra Pradesh,S.P.S. Nellore,rice,242520,4558.52,113.963,54.70224,100.28744,27638306.76,13266387.24,24321709.95,25,80,6.5,1200,2,18
50,2017,1,Andhra Pradesh,S.P.S. Nellore,maize,7690,6388.87,172.49949,76.66644,108.61079,1326521.078,589564.9236,835216.9751,22,70,6,800,2.5,20
50,2017,1,Andhra Pradesh,S.P.S. Nellore,chickpea,50970,1294,23.292,12.94,23.292,1187193.24,659551.8,1187193.24,20,60,6.5,600,1.5,16
50,2017,1,Andhra Pradesh,S.P.S. Nellore,cotton,18340,411.78,11.11806,4.94136,11.11806,203905.2204,90624.5424,203905.2204,28,65,6,700,3,22
51,1966,1,Andhra Pradesh,Kurnool,rice,98000,1244.9,31.1225,14.9388,27.3878,3050005,1464002.4,2684004.4,25,80,6.5,1200,2,18
51,1966,1,Andhra Pradesh,Kurnool,maize,200,1000,27,12,17,5400,2400,3400,22,70,6,800,2.5,20
51,1966,1,Andhra Pradesh,Kurnool,chickpea,6000,333.33,5.99994,3.3333,5.99994,35999.64,19999.8,35999.64,20,60,6.5,600,1.5,16
51,1966,1,Andhra Pradesh,Kurnool,cotton,141000,70.92,1.91484,0.85104,1.91484,269992.44,119996.64,269992.44,28,65,6,700,3,22
51,1967,1,Andhra Pradesh,Kurnool,rice,98000,1367.35,34.18375,16.4082,30.0817,3350007.5,1608003.6,2948006.6,25,80,6.5,1200,2,18
51,1967,1,Andhra Pradesh,Kurnool,maize,100,2000,54,24,34,5400,2400,3400,22,70,6,800,2.5,20
51,1967,1,Andhra Pradesh,Kurnool,chickpea,6000,333.33,5.99994,3.3333,5.99994,35999.64,19999.8,35999.64,20,60,6.5,600,1.5,16
51,1967,1,Andhra Pradesh,Kurnool,cotton,153000,58.82,1.58814,0.70584,1.58814,242985.42,107993.52,242985.42,28,65,6,700,3,22
51,1968,1,Andhra Pradesh,Kurnool,rice,99800,1142.28,28.557,13.70736,25.13016,2849988.6,1367994.528,2507989.968,25,80,6.5,1200,2,18
51,1968,1,Andhra Pradesh,Kurnool,chickpea,6500,307.69,5.53842,3.0769,5.53842,35999.73,19999.85,35999.73,20,60,6.5,600,1.5,16
51,1968,1,Andhra Pradesh,Kurnool,cotton,140600,56.9,1.5363,0.6828,1.5363,216003.78,96001.68,216003.78,28,65,6,700,3,22
51,1969,1,Andhra Pradesh,Kurnool,rice,116700,1191.09,29.77725,14.29308,26.20398,3475005.075,1668002.436,3058004.466,25,80,6.5,1200,2,18
51,1969,1,Andhra Pradesh,Kurnool,maize,200,1500,40.5,18,25.5,8100,3600,5100,22,70,6,800,2.5,20
51,1969,1,Andhra Pradesh,Kurnool,chickpea,6900,289.86,5.21748,2.8986,5.21748,36000.612,20000.34,36000.612,20,60,6.5,600,1.5,16
51,1969,1,Andhra Pradesh,Kurnool,cotton,158300,36.64,0.98928,0.43968,0.98928,156603.024,69601.344,156603.024,28,65,6,700,3,22
51,1970,1,Andhra Pradesh,Kurnool,rice,100900,1364.72,34.118,16.37664,30.02384,3442506.2,1652402.976,3029405.456,25,80,6.5,1200,2,18
51,1970,1,Andhra Pradesh,Kurnool,maize,100,1000,27,12,17,2700,1200,1700,22,70,6,800,2.5,20
51,1970,1,Andhra Pradesh,Kurnool,chickpea,4900,408.16,7.34688,4.0816,7.34688,35999.712,19999.84,35999.712,20,60,6.5,600,1.5,16
51,1970,1,Andhra Pradesh,Kurnool,cotton,155900,51.31,1.38537,0.61572,1.38537,215979.183,95990.748,215979.183,28,65,6,700,3,22
51,1971,1,Andhra Pradesh,Kurnool,rice,106700,1435.8,35.895,17.2296,31.5876,3829996.5,1838398.32,3370396.92,25,80,6.5,1200,2,18
51,1971,1,Andhra Pradesh,Kurnool,maize,200,1500,40.5,18,25.5,8100,3600,5100,22,70,6,800,2.5,20
51,1971,1,Andhra Pradesh,Kurnool,chickpea,4200,476.19,8.57142,4.7619,8.57142,35999.964,19999.98,35999.964,20,60,6.5,600,1.5,16
51,1971,1,Andhra Pradesh,Kurnool,cotton,154500,51.78,1.39806,0.62136,1.39806,216000.27,96000.12,216000.27,28,65,6,700,3,22
51,1972,1,Andhra Pradesh,Kurnool,rice,104000,1296.15,32.40375,15.5538,28.5153,3369990,1617595.2,2965591.2,25,80,6.5,1200,2,18
51,1972,1,Andhra Pradesh,Kurnool,maize,600,1500,40.5,18,25.5,24300,10800,15300,22,70,6,800,2.5,20
51,1972,1,Andhra Pradesh,Kurnool,chickpea,4100,219.51,3.95118,2.1951,3.95118,16199.838,8999.91,16199.838,20,60,6.5,600,1.5,16
51,1972,1,Andhra Pradesh,Kurnool,cotton,137200,44.46,1.20042,0.53352,1.20042,164697.624,73198.944,164697.624,28,65,6,700,3,22
51,1973,1,Andhra Pradesh,Kurnool,rice,102400,1713.87,42.84675,20.56644,37.70514,4387507.2,2106003.456,3861006.336,25,80,6.5,1200,2,18
51,1973,1,Andhra Pradesh,Kurnool,maize,100,2000,54,24,34,5400,2400,3400,22,70,6,800,2.5,20
51,1973,1,Andhra Pradesh,Kurnool,chickpea,3900,435.9,7.8462,4.359,7.8462,30600.18,17000.1,30600.18,20,60,6.5,600,1.5,16
51,1973,1,Andhra Pradesh,Kurnool,cotton,226300,45.07,1.21689,0.54084,1.21689,275382.207,122392.092,275382.207,28,65,6,700,3,22
51,1974,1,Andhra Pradesh,Kurnool,rice,106000,1550,38.75,18.6,34.1,4107500,1971600,3614600,25,80,6.5,1200,2,18
51,1974,1,Andhra Pradesh,Kurnool,maize,900,222.22,5.99994,2.66664,3.77774,5399.946,2399.976,3399.966,22,70,6,800,2.5,20
51,1974,1,Andhra Pradesh,Kurnool,chickpea,5000,460,8.28,4.6,8.28,41400,23000,41400,20,60,6.5,600,1.5,16
51,1974,1,Andhra Pradesh,Kurnool,cotton,152700,99.54,2.68758,1.19448,2.68758,410393.466,182397.096,410393.466,28,65,6,700,3,22
51,1975,1,Andhra Pradesh,Kurnool,rice,118300,1527.47,38.18675,18.32964,33.60434,4517492.525,2168396.412,3975393.422,25,80,6.5,1200,2,18
51,1975,1,Andhra Pradesh,Kurnool,maize,100,2000,54,24,34,5400,2400,3400,22,70,6,800,2.5,20
51,1975,1,Andhra Pradesh,Kurnool,chickpea,9800,479.59,8.63262,4.7959,8.63262,84599.676,46999.82,84599.676,20,60,6.5,600,1.5,16
51,1975,1,Andhra Pradesh,Kurnool,cotton,70400,76.7,2.0709,0.9204,2.0709,145791.36,64796.16,145791.36,28,65,6,700,3,22
51,1976,1,Andhra Pradesh,Kurnool,rice,96000,1002.08,25.052,12.02496,22.04576,2404992,1154396.16,2116392.96,25,80,6.5,1200,2,18
51,1976,1,Andhra Pradesh,Kurnool,maize,100,1000,27,12,17,2700,1200,1700,22,70,6,800,2.5,20
51,1976,1,Andhra Pradesh,Kurnool,chickpea,9300,419.35,7.5483,4.1935,7.5483,70199.19,38999.55,70199.19,20,60,6.5,600,1.5,16
51,1976,1,Andhra Pradesh,Kurnool,cotton,73700,81.41,2.19807,0.97692,2.19807,161997.759,71999.004,161997.759,28,65,6,700,3,22
51,1977,1,Andhra Pradesh,Kurnool,rice,111300,1495.06,37.3765,17.94072,32.89132,4160004.45,1996802.136,3660803.916,25,80,6.5,1200,2,18
51,1977,1,Andhra Pradesh,Kurnool,maize,100,1000,27,12,17,2700,1200,1700,22,70,6,800,2.5,20
51,1977,1,Andhra Pradesh,Kurnool,chickpea,5400,481.48,8.66664,4.8148,8.66664,46799.856,25999.92,46799.856,20,60,6.5,600,1.5,16
51,1977,1,Andhra Pradesh,Kurnool,cotton,161800,66.75,1.80225,0.801,1.80225,291604.05,129601.8,291604.05,28,65,6,700,3,22
51,1978,1,Andhra Pradesh,Kurnool,rice,120800,1562.09,39.05225,18.74508,34.36598,4717511.8,2264405.664,4151410.384,25,80,6.5,1200,2,18
51,1978,1,Andhra Pradesh,Kurnool,maize,100,2000,54,24,34,5400,2400,3400,22,70,6,800,2.5,20
51,1978,1,Andhra Pradesh,Kurnool,chickpea,5400,333.33,5.99994,3.3333,5.99994,32399.676,17999.82,32399.676,20,60,6.5,600,1.5,16
51,1978,1,Andhra Pradesh,Kurnool,cotton,126000,82.54,2.22858,0.99048,2.22858,280801.08,124800.48,280801.08,28,65,6,700,3,22
51,1979,1,Andhra Pradesh,Kurnool,rice,118000,1500,37.5,18,33,4425000,2124000,3894000,25,80,6.5,1200,2,18
51,1979,1,Andhra Pradesh,Kurnool,maize,100,1000,27,12,17,2700,1200,1700,22,70,6,800,2.5,20
51,1979,1,Andhra Pradesh,Kurnool,chickpea,6000,350,6.3,3.5,6.3,37800,21000,37800,20,60,6.5,600,1.5,16
51,1979,1,Andhra Pradesh,Kurnool,cotton,133800,100.9,2.7243,1.2108,2.7243,364511.34,162005.04,364511.34,28,65,6,700,3,22
51,1980,1,Andhra Pradesh,Kurnool,rice,115000,1634.78,40.8695,19.61736,35.96516,4699992.5,2255996.4,4135993.4,25,80,6.5,1200,2,18
51,1980,1,Andhra Pradesh,Kurnool,maize,200,1500,40.5,18,25.5,8100,3600,5100,22,70,6,800,2.5,20
51,1980,1,Andhra Pradesh,Kurnool,chickpea,4300,348.84,6.27912,3.4884,6.27912,27000.216,15000.12,27000.216,20,60,6.5,600,1.5,16
51,1980,1,Andhra Pradesh,Kurnool,cotton,109900,100.09,2.70243,1.20108,2.70243,296997.057,131998.692,296997.057,28,65,6,700,3,22
51,1981,1,Andhra Pradesh,Kurnool,rice,113000,2000,50,24,44,5650000,2712000,4972000,25,80,6.5,1200,2,18
51,1981,1,Andhra Pradesh,Kurnool,maize,1000,1000,27,12,17,27000,12000,17000,22,70,6,800,2.5,20
51,1981,1,Andhra Pradesh,Kurnool,chickpea,4300,348.84,6.27912,3.4884,6.27912,27000.216,15000.12,27000.216,20,60,6.5,600,1.5,16
51,1981,1,Andhra Pradesh,Kurnool,cotton,117000,130.77,3.53079,1.56924,3.53079,413102.43,183601.08,413102.43,28,65,6,700,3,22
51,1982,1,Andhra Pradesh,Kurnool,rice,115300,2067.65,51.69125,24.8118,45.4883,5960001.125,2860800.54,5244800.99,25,80,6.5,1200,2,18
51,1982,1,Andhra Pradesh,Kurnool,maize,300,4000,108,48,68,32400,14400,20400,22,70,6,800,2.5,20
51,1982,1,Andhra Pradesh,Kurnool,chickpea,5600,517.86,9.32148,5.1786,9.32148,52200.288,29000.16,52200.288,20,60,6.5,600,1.5,16
51,1982,1,Andhra Pradesh,Kurnool,cotton,97400,170.43,4.60161,2.04516,4.60161,448196.814,199198.584,448196.814,28,65,6,700,3,22
51,1983,1,Andhra Pradesh,Kurnool,rice,118700,1847.51,46.18775,22.17012,40.64522,5482485.925,2631593.244,4824587.614,25,80,6.5,1200,2,18
51,1983,1,Andhra Pradesh,Kurnool,maize,300,3666.67,99.00009,44.00004,62.33339,29700.027,13200.012,18700.017,22,70,6,800,2.5,20
51,1983,1,Andhra Pradesh,Kurnool,chickpea,5000,520,9.36,5.2,9.36,46800,26000,46800,20,60,6.5,600,1.5,16
51,1983,1,Andhra Pradesh,Kurnool,cotton,88400,181,4.887,2.172,4.887,432010.8,192004.8,432010.8,28,65,6,700,3,22
51,1984,1,Andhra Pradesh,Kurnool,rice,75700,1605.02,40.1255,19.26024,35.31044,3037500.35,1458000.168,2673000.308,25,80,6.5,1200,2,18
51,1984,1,Andhra Pradesh,Kurnool,maize,100,2000,54,24,34,5400,2400,3400,22,70,6,800,2.5,20
51,1984,1,Andhra Pradesh,Kurnool,chickpea,8000,262.5,4.725,2.625,4.725,37800,21000,37800,20,60,6.5,600,1.5,16
51,1984,1,Andhra Pradesh,Kurnool,cotton,62500,259.2,6.9984,3.1104,6.9984,437400,194400,437400,28,65,6,700,3,22
51,1985,1,Andhra Pradesh,Kurnool,rice,87700,2049.03,51.22575,24.58836,45.07866,4492498.275,2156399.172,3953398.482,25,80,6.5,1200,2,18
51,1985,1,Andhra Pradesh,Kurnool,maize,100,1000,27,12,17,2700,1200,1700,22,70,6,800,2.5,20
51,1985,1,Andhra Pradesh,Kurnool,chickpea,9000,422.22,7.59996,4.2222,7.59996,68399.64,37999.8,68399.64,20,60,6.5,600,1.5,16
51,1985,1,Andhra Pradesh,Kurnool,cotton,85500,175.44,4.73688,2.10528,4.73688,405003.24,180001.44,405003.24,28,65,6,700,3,22
51,1986,1,Andhra Pradesh,Kurnool,rice,78000,2153.85,53.84625,25.8462,47.3847,4200007.5,2016003.6,3696006.6,25,80,6.5,1200,2,18
51,1986,1,Andhra Pradesh,Kurnool,maize,300,1000,27,12,17,8100,3600,5100,22,70,6,800,2.5,20
51,1986,1,Andhra Pradesh,Kurnool,chickpea,13000,461.54,8.30772,4.6154,8.30772,108000.36,60000.2,108000.36,20,60,6.5,600,1.5,16
51,1986,1,Andhra Pradesh,Kurnool,cotton,41000,195.12,5.26824,2.34144,5.26824,215997.84,95999.04,215997.84,28,65,6,700,3,22
51,1987,1,Andhra Pradesh,Kurnool,rice,76000,2092.11,52.30275,25.10532,46.02642,3975009,1908004.32,3498007.92,25,80,6.5,1200,2,18
51,1987,1,Andhra Pradesh,Kurnool,maize,500,2000,54,24,34,27000,12000,17000,22,70,6,800,2.5,20
51,1987,1,Andhra Pradesh,Kurnool,chickpea,14000,428.57,7.71426,4.2857,7.71426,107999.64,59999.8,107999.64,20,60,6.5,600,1.5,16
51,1987,1,Andhra Pradesh,Kurnool,cotton,57000,122.81,3.31587,1.47372,3.31587,189004.59,84002.04,189004.59,28,65,6,700,3,22
51,1988,1,Andhra Pradesh,Kurnool,rice,98100,2405.71,60.14275,28.86852,52.92562,5900003.775,2832001.812,5192003.322,25,80,6.5,1200,2,18
51,1988,1,Andhra Pradesh,Kurnool,maize,500,1800,48.6,21.6,30.6,24300,10800,15300,22,70,6,800,2.5,20
51,1988,1,Andhra Pradesh,Kurnool,chickpea,12700,700.79,12.61422,7.0079,12.61422,160200.594,89000.33,160200.594,20,60,6.5,600,1.5,16
51,1988,1,Andhra Pradesh,Kurnool,cotton,67300,139.67,3.77109,1.67604,3.77109,253794.357,112797.492,253794.357,28,65,6,700,3,22
51,1989,1,Andhra Pradesh,Kurnool,rice,99200,2193.55,54.83875,26.3226,48.2581,5440004,2611201.92,4787203.52,25,80,6.5,1200,2,18
51,1989,1,Andhra Pradesh,Kurnool,maize,1600,2225,60.075,26.7,37.825,96120,42720,60520,22,70,6,800,2.5,20
51,1989,1,Andhra Pradesh,Kurnool,chickpea,14200,936.62,16.85916,9.3662,16.85916,239400.072,133000.04,239400.072,20,60,6.5,600,1.5,16
51,1989,1,Andhra Pradesh,Kurnool,cotton,73000,231.51,6.25077,2.77812,6.25077,456306.21,202802.76,456306.21,28,65,6,700,3,22
51,1990,1,Andhra Pradesh,Kurnool,rice,102690,2493.96,62.349,29.92752,54.86712,6402618.81,3073257.029,5634304.553,25,80,6.5,1200,2,18
51,1990,1,Andhra Pradesh,Kurnool,maize,1730,1956.34,52.82118,23.47608,33.25778,91380.6414,40613.6184,57535.9594,22,70,6,800,2.5,20
51,1990,1,Andhra Pradesh,Kurnool,chickpea,20460,1653.37,29.76066,16.5337,29.76066,608903.1036,338279.502,608903.1036,20,60,6.5,600,1.5,16
51,1990,1,Andhra Pradesh,Kurnool,cotton,84230,186.88,5.04576,2.24256,5.04576,425004.3648,188890.8288,425004.3648,28,65,6,700,3,22
51,1991,1,Andhra Pradesh,Kurnool,rice,101260,2584.89,64.62225,31.01868,56.86758,6543649.035,3140951.537,5758411.151,25,80,6.5,1200,2,18
51,1991,1,Andhra Pradesh,Kurnool,maize,1840,2019.83,54.53541,24.23796,34.33711,100345.1544,44597.8464,63180.2824,22,70,6,800,2.5,20
51,1991,1,Andhra Pradesh,Kurnool,chickpea,25400,1047.78,18.86004,10.4778,18.86004,479045.016,266136.12,479045.016,20,60,6.5,600,1.5,16
51,1991,1,Andhra Pradesh,Kurnool,cotton,89460,254.34,6.86718,3.05208,6.86718,614337.9228,273039.0768,614337.9228,28,65,6,700,3,22
51,1992,1,Andhra Pradesh,Kurnool,rice,95320,2394.73,59.86825,28.73676,52.68406,5706641.59,2739187.963,5021844.599,25,80,6.5,1200,2,18
51,1992,1,Andhra Pradesh,Kurnool,maize,2650,2748.45,74.20815,32.9814,46.72365,196651.5975,87400.71,123817.6725,22,70,6,800,2.5,20
51,1992,1,Andhra Pradesh,Kurnool,chickpea,21490,569.42,10.24956,5.6942,10.24956,220263.0444,122368.358,220263.0444,20,60,6.5,600,1.5,16
51,1992,1,Andhra Pradesh,Kurnool,cotton,97790,245.91,6.63957,2.95092,6.63957,649283.5503,288570.4668,649283.5503,28,65,6,700,3,22
51,1993,1,Andhra Pradesh,Kurnool,rice,94440,2703.94,67.5985,32.44728,59.48668,6384002.34,3064321.123,5617922.059,25,80,6.5,1200,2,18
51,1993,1,Andhra Pradesh,Kurnool,maize,2440,2377.05,64.18035,28.5246,40.40985,156600.054,69600.024,98600.034,22,70,6,800,2.5,20
51,1993,1,Andhra Pradesh,Kurnool,chickpea,29440,1085.6,19.5408,10.856,19.5408,575281.152,319600.64,575281.152,20,60,6.5,600,1.5,16
51,1993,1,Andhra Pradesh,Kurnool,cotton,85320,303.1,8.1837,3.6372,8.1837,698233.284,310325.904,698233.284,28,65,6,700,3,22
51,1994,1,Andhra Pradesh,Kurnool,rice,85600,2242.52,56.063,26.91024,49.33544,4798992.8,2303516.544,4223113.664,25,80,6.5,1200,2,18
51,1994,1,Andhra Pradesh,Kurnool,maize,2440,2311.48,62.40996,27.73776,39.29516,152280.3024,67680.1344,95880.1904,22,70,6,800,2.5,20
51,1994,1,Andhra Pradesh,Kurnool,chickpea,61720,815.29,14.67522,8.1529,14.67522,905754.5784,503196.988,905754.5784,20,60,6.5,600,1.5,16
51,1994,1,Andhra Pradesh,Kurnool,cotton,95000,255.25,6.89175,3.063,6.89175,654716.25,290985,654716.25,28,65,6,700,3,22
51,1995,1,Andhra Pradesh,Kurnool,rice,90120,2486.91,62.17275,29.84292,54.71202,5603008.23,2689443.95,4930647.242,25,80,6.5,1200,2,18
51,1995,1,Andhra Pradesh,Kurnool,maize,2240,3803.57,102.69639,45.64284,64.66069,230039.9136,102239.9616,144839.9456,22,70,6,800,2.5,20
51,1995,1,Andhra Pradesh,Kurnool,chickpea,39960,807.81,14.54058,8.0781,14.54058,581041.5768,322800.876,581041.5768,20,60,6.5,600,1.5,16
51,1995,1,Andhra Pradesh,Kurnool,cotton,139800,279.64,7.55028,3.35568,7.55028,1055529.144,469124.064,1055529.144,28,65,6,700,3,22
51,1996,1,Andhra Pradesh,Kurnool,rice,106400,2994.36,74.859,35.93232,65.87592,7964997.6,3823198.848,7009197.888,25,80,6.5,1200,2,18
51,1996,1,Andhra Pradesh,Kurnool,maize,3880,4731.96,127.76292,56.78352,80.44332,495720.1296,220320.0576,312120.0816,22,70,6,800,2.5,20
51,1996,1,Andhra Pradesh,Kurnool,chickpea,40600,974.38,17.53884,9.7438,17.53884,712076.904,395598.28,712076.904,20,60,6.5,600,1.5,16
51,1996,1,Andhra Pradesh,Kurnool,cotton,140840,263.43,7.11261,3.16116,7.11261,1001739.992,445217.7744,1001739.992,28,65,6,700,3,22
51,1997,1,Andhra Pradesh,Kurnool,rice,96760,2649.44,66.236,31.79328,58.28768,6408995.36,3076317.773,5639915.917,25,80,6.5,1200,2,18
51,1997,1,Andhra Pradesh,Kurnool,maize,2120,2905.66,78.45282,34.86792,49.39622,166319.9784,73919.9904,104719.9864,22,70,6,800,2.5,20
51,1997,1,Andhra Pradesh,Kurnool,chickpea,50400,481.75,8.6715,4.8175,8.6715,437043.6,242802,437043.6,20,60,6.5,600,1.5,16
51,1997,1,Andhra Pradesh,Kurnool,cotton,96400,219.87,5.93649,2.63844,5.93649,572277.636,254345.616,572277.636,28,65,6,700,3,22
51,1998,1,Andhra Pradesh,Kurnool,rice,119360,2848.19,71.20475,34.17828,62.66018,8498998.96,4079519.501,7479119.085,25,80,6.5,1200,2,18
51,1998,1,Andhra Pradesh,Kurnool,maize,1960,2142.86,57.85722,25.71432,36.42862,113400.1512,50400.0672,71400.0952,22,70,6,800,2.5,20
51,1998,1,Andhra Pradesh,Kurnool,chickpea,56080,876.6,15.7788,8.766,15.7788,884875.104,491597.28,884875.104,20,60,6.5,600,1.5,16
51,1998,1,Andhra Pradesh,Kurnool,cotton,164080,160.72,4.33944,1.92864,4.33944,712015.3152,316451.2512,712015.3152,28,65,6,700,3,22
51,1999,1,Andhra Pradesh,Kurnool,rice,114080,2737.96,68.449,32.85552,60.23512,7808661.92,3748157.722,6871622.49,25,80,6.5,1200,2,18
51,1999,1,Andhra Pradesh,Kurnool,maize,2470,3968.73,107.15571,47.62476,67.46841,264674.6037,117633.1572,166646.9727,22,70,6,800,2.5,20
51,1999,1,Andhra Pradesh,Kurnool,chickpea,64440,471.96,8.49528,4.7196,8.49528,547435.8432,304131.024,547435.8432,20,60,6.5,600,1.5,16
51,1999,1,Andhra Pradesh,Kurnool,cotton,113040,188.88,5.09976,2.26656,5.09976,576476.8704,256211.9424,576476.8704,28,65,6,700,3,22
51,2000,1,Andhra Pradesh,Kurnool,rice,130700,3223.1,80.5775,38.6772,70.9082,10531479.25,5055110.04,9267701.74,25,80,6.5,1200,2,18
51,2000,1,Andhra Pradesh,Kurnool,maize,5250,3280.2,88.5654,39.3624,55.7634,464968.35,206652.6,292757.85,22,70,6,800,2.5,20
51,2000,1,Andhra Pradesh,Kurnool,chickpea,71240,985.63,17.74134,9.8563,17.74134,1263893.062,702162.812,1263893.062,20,60,6.5,600,1.5,16
51,2000,1,Andhra Pradesh,Kurnool,cotton,126290,227.68,6.14736,2.73216,6.14736,776350.0944,345044.4864,776350.0944,28,65,6,700,3,22
51,2001,1,Andhra Pradesh,Kurnool,rice,105360,2880.81,72.02025,34.56972,63.37782,7588053.54,3642265.699,6677487.115,25,80,6.5,1200,2,18
51,2001,1,Andhra Pradesh,Kurnool,maize,2380,4347.28,117.37656,52.16736,73.90376,279356.2128,124158.3168,175890.9488,22,70,6,800,2.5,20
51,2001,1,Andhra Pradesh,Kurnool,chickpea,114030,1218.55,21.9339,12.1855,21.9339,2501122.617,1389512.565,2501122.617,20,60,6.5,600,1.5,16
51,2001,1,Andhra Pradesh,Kurnool,cotton,88650,186.06,5.02362,2.23272,5.02362,445343.913,197930.628,445343.913,28,65,6,700,3,22
51,2002,1,Andhra Pradesh,Kurnool,rice,69400,2163.69,54.09225,25.96428,47.60118,3754002.15,1801921.032,3303521.892,25,80,6.5,1200,2,18
51,2002,1,Andhra Pradesh,Kurnool,maize,4440,1783.78,48.16206,21.40536,30.32426,213839.5464,95039.7984,134639.7144,22,70,6,800,2.5,20
51,2002,1,Andhra Pradesh,Kurnool,chickpea,154720,1106.77,19.92186,11.0677,19.92186,3082310.179,1712394.544,3082310.179,20,60,6.5,600,1.5,16
51,2002,1,Andhra Pradesh,Kurnool,cotton,58840,157.4,4.2498,1.8888,4.2498,250058.232,111136.992,250058.232,28,65,6,700,3,22
51,2003,1,Andhra Pradesh,Kurnool,rice,46960,2798.45,69.96125,33.5814,61.5659,3285380.3,1576982.544,2891134.664,25,80,6.5,1200,2,18
51,2003,1,Andhra Pradesh,Kurnool,maize,6650,2729.59,73.69893,32.75508,46.40303,490097.8845,217821.282,308580.1495,22,70,6,800,2.5,20
51,2003,1,Andhra Pradesh,Kurnool,chickpea,152260,873.36,15.72048,8.7336,15.72048,2393600.285,1329777.936,2393600.285,20,60,6.5,600,1.5,16
51,2003,1,Andhra Pradesh,Kurnool,cotton,45000,198.21,5.35167,2.37852,5.35167,240825.15,107033.4,240825.15,28,65,6,700,3,22
51,2004,1,Andhra Pradesh,Kurnool,rice,88490,3376.61,84.41525,40.51932,74.28542,7469905.473,3585554.627,6573516.816,25,80,6.5,1200,2,18
51,2004,1,Andhra Pradesh,Kurnool,maize,9500,3145.34,84.92418,37.74408,53.47078,806779.71,358568.76,507972.41,22,70,6,800,2.5,20
51,2004,1,Andhra Pradesh,Kurnool,chickpea,122300,1130.6,20.3508,11.306,20.3508,2488902.84,1382723.8,2488902.84,20,60,6.5,600,1.5,16
51,2004,1,Andhra Pradesh,Kurnool,cotton,81400,153.91,4.15557,1.84692,4.15557,338263.398,150339.288,338263.398,28,65,6,700,3,22
51,2005,1,Andhra Pradesh,Kurnool,rice,132540,3291.3,82.2825,39.4956,72.4086,10905722.55,5234746.824,9597035.844,25,80,6.5,1200,2,18
51,2005,1,Andhra Pradesh,Kurnool,maize,10080,6260.36,169.02972,75.12432,106.42612,1703819.578,757253.1456,1072775.29,22,70,6,800,2.5,20
51,2005,1,Andhra Pradesh,Kurnool,chickpea,152720,1669.64,30.05352,16.6964,30.05352,4589773.574,2549874.208,4589773.574,20,60,6.5,600,1.5,16
51,2005,1,Andhra Pradesh,Kurnool,cotton,27690,170.82,4.61214,2.04984,4.61214,127710.1566,56760.0696,127710.1566,28,65,6,700,3,22
51,2006,1,Andhra Pradesh,Kurnool,rice,112540,3327.88,83.197,39.93456,73.21336,9362990.38,4494235.382,8239431.534,25,80,6.5,1200,2,18
51,2006,1,Andhra Pradesh,Kurnool,maize,14280,3941.44,106.41888,47.29728,67.00448,1519661.606,675405.1584,956823.9744,22,70,6,800,2.5,20
51,2006,1,Andhra Pradesh,Kurnool,chickpea,234310,1023.05,18.4149,10.2305,18.4149,4314795.219,2397108.455,4314795.219,20,60,6.5,600,1.5,16
51,2006,1,Andhra Pradesh,Kurnool,cotton,20450,244.49,6.60123,2.93388,6.60123,134995.1535,59997.846,134995.1535,28,65,6,700,3,22
51,2007,1,Andhra Pradesh,Kurnool,rice,129080,3539.31,88.48275,42.47172,77.86482,11421353.37,5482249.618,10050790.97,25,80,6.5,1200,2,18
51,2007,1,Andhra Pradesh,Kurnool,maize,20470,6010.65,162.28755,72.1278,102.18105,3322026.149,1476456.066,2091646.094,22,70,6,800,2.5,20
51,2007,1,Andhra Pradesh,Kurnool,chickpea,252340,1716.5,30.897,17.165,30.897,7796548.98,4331416.1,7796548.98,20,60,6.5,600,1.5,16
51,2007,1,Andhra Pradesh,Kurnool,cotton,32780,307.95,8.31465,3.6954,8.31465,272554.227,121135.212,272554.227,28,65,6,700,3,22
51,2008,1,Andhra Pradesh,Kurnool,rice,132470,3427.84,85.696,41.13408,75.41248,11352149.12,5449031.578,9989891.226,25,80,6.5,1200,2,18
51,2008,1,Andhra Pradesh,Kurnool,maize,22460,5667.84,153.03168,68.01408,96.35328,3437091.533,1527596.237,2164094.669,22,70,6,800,2.5,20
51,2008,1,Andhra Pradesh,Kurnool,chickpea,239080,1479.78,26.63604,14.7978,26.63604,6368144.443,3537858.024,6368144.443,20,60,6.5,600,1.5,16
51,2008,1,Andhra Pradesh,Kurnool,cotton,29920,362.78,9.79506,4.35336,9.79506,293068.1952,130252.5312,293068.1952,28,65,6,700,3,22
51,2009,1,Andhra Pradesh,Kurnool,rice,147350,3343.21,83.58025,40.11852,73.55062,12315549.84,5911463.922,10837683.86,25,80,6.5,1200,2,18
51,2009,1,Andhra Pradesh,Kurnool,maize,15950,4214.63,113.79501,50.57556,71.64871,1815030.41,806680.182,1142796.925,22,70,6,800,2.5,20
51,2009,1,Andhra Pradesh,Kurnool,chickpea,254510,1421.27,25.58286,14.2127,25.58286,6511093.699,3617274.277,6511093.699,20,60,6.5,600,1.5,16
51,2009,1,Andhra Pradesh,Kurnool,cotton,41340,278.09,7.50843,3.33708,7.50843,310398.4962,137954.8872,310398.4962,28,65,6,700,3,22
51,2010,1,Andhra Pradesh,Kurnool,rice,162160,2961.26,74.0315,35.53512,65.14772,12004948.04,5762375.059,10564354.28,25,80,6.5,1200,2,18
51,2010,1,Andhra Pradesh,Kurnool,maize,21580,6536.44,176.48388,78.43728,111.11948,3808522.13,1692676.502,2397958.378,22,70,6,800,2.5,20
51,2010,1,Andhra Pradesh,Kurnool,chickpea,229210,1242.82,22.37076,12.4282,22.37076,5127601.9,2848667.722,5127601.9,20,60,6.5,600,1.5,16
51,2010,1,Andhra Pradesh,Kurnool,cotton,62230,354.5,9.5715,4.254,9.5715,595634.445,264726.42,595634.445,28,65,6,700,3,22
51,2011,1,Andhra Pradesh,Kurnool,rice,125680,3566.47,89.16175,42.79764,78.46234,11205848.74,5378807.395,9861146.891,25,80,6.5,1200,2,18
51,2011,1,Andhra Pradesh,Kurnool,maize,31670,5373.3,145.0791,64.4796,91.3461,4594655.097,2042068.932,2892930.987,22,70,6,800,2.5,20
51,2011,1,Andhra Pradesh,Kurnool,chickpea,216180,811.5,14.607,8.115,14.607,3157741.26,1754300.7,3157741.26,20,60,6.5,600,1.5,16
51,2011,1,Andhra Pradesh,Kurnool,cotton,106510,231.16,6.24132,2.77392,6.24132,664762.9932,295450.2192,664762.9932,28,65,6,700,3,22
51,2012,1,Andhra Pradesh,Kurnool,rice,97750,3757.06,93.9265,45.08472,82.65532,9181315.375,4407031.38,8079557.53,25,80,6.5,1200,2,18
51,2012,1,Andhra Pradesh,Kurnool,maize,45730,5369.67,144.98109,64.43604,91.28439,6629985.246,2946660.109,4174435.155,22,70,6,800,2.5,20
51,2012,1,Andhra Pradesh,Kurnool,chickpea,236160,1124.16,20.23488,11.2416,20.23488,4778669.261,2654816.256,4778669.261,20,60,6.5,600,1.5,16
51,2012,1,Andhra Pradesh,Kurnool,cotton,165720,214.6,5.7942,2.5752,5.7942,960214.824,426762.144,960214.824,28,65,6,700,3,22
51,2013,1,Andhra Pradesh,Kurnool,rice,147060,3696.13,92.40325,44.35356,81.31486,13588821.95,6522634.534,11958163.31,25,80,6.5,1200,2,18
51,2013,1,Andhra Pradesh,Kurnool,maize,55580,6082.08,164.21616,72.98496,103.39536,9127134.173,4056504.077,5746714.109,22,70,6,800,2.5,20
51,2013,1,Andhra Pradesh,Kurnool,chickpea,212470,1409.54,25.37172,14.0954,25.37172,5390729.348,2994849.638,5390729.348,20,60,6.5,600,1.5,16
51,2013,1,Andhra Pradesh,Kurnool,cotton,217500,600.29,16.20783,7.20348,16.20783,3525203.025,1566756.9,3525203.025,28,65,6,700,3,22
51,2014,1,Andhra Pradesh,Kurnool,rice,131750,3865.01,96.62525,46.38012,85.03022,12730376.69,6110580.81,11202731.49,25,80,6.5,1200,2,18
51,2014,1,Andhra Pradesh,Kurnool,maize,48900,4234.42,114.32934,50.81304,71.98514,5590704.726,2484757.656,3520073.346,22,70,6,800,2.5,20
51,2014,1,Andhra Pradesh,Kurnool,chickpea,152000,1352.3,24.3414,13.523,24.3414,3699892.8,2055496,3699892.8,20,60,6.5,600,1.5,16
51,2014,1,Andhra Pradesh,Kurnool,cotton,317610,481.93,13.01211,5.78316,13.01211,4132776.257,1836789.448,4132776.257,28,65,6,700,3,22
51,2015,1,Andhra Pradesh,Kurnool,rice,62690,3192.9,79.8225,38.3148,70.2438,5004072.525,2401954.812,4403583.822,25,80,6.5,1200,2,18
51,2015,1,Andhra Pradesh,Kurnool,maize,25120,4187.27,113.05629,50.24724,71.18359,2839974.005,1262210.669,1788131.781,22,70,6,800,2.5,20
51,2015,1,Andhra Pradesh,Kurnool,chickpea,213960,876.91,15.78438,8.7691,15.78438,3377225.945,1876236.636,3377225.945,20,60,6.5,600,1.5,16
51,2015,1,Andhra Pradesh,Kurnool,cotton,209450,337.48,9.11196,4.04976,9.11196,1908500.022,848222.232,1908500.022,28,65,6,700,3,22
51,2016,1,Andhra Pradesh,Kurnool,rice,115130,3977.44,99.436,47.72928,87.50368,11448066.68,5495072.006,10074298.68,25,80,6.5,1200,2,18
51,2016,1,Andhra Pradesh,Kurnool,maize,36980,5515.71,148.92417,66.18852,93.76707,5507215.807,2447651.47,3467506.249,22,70,6,800,2.5,20
51,2016,1,Andhra Pradesh,Kurnool,chickpea,184090,972.99,17.51382,9.7299,17.51382,3224119.124,1791177.291,3224119.124,20,60,6.5,600,1.5,16
51,2016,1,Andhra Pradesh,Kurnool,cotton,178720,543.42,14.67234,6.52104,14.67234,2622240.605,1165440.269,2622240.605,28,65,6,700,3,22
51,2017,1,Andhra Pradesh,Kurnool,rice,109670,3570.06,89.2515,42.84072,78.54132,9788212.005,4698341.762,8613626.564,25,80,6.5,1200,2,18
51,2017,1,Andhra Pradesh,Kurnool,maize,55510,5488.99,148.20273,65.86788,93.31283,8226733.542,3656326.019,5179795.193,22,70,6,800,2.5,20
51,2017,1,Andhra Pradesh,Kurnool,chickpea,211990,1280.22,23.04396,12.8022,23.04396,4885089.08,2713938.378,4885089.08,20,60,6.5,600,1.5,16
51,2017,1,Andhra Pradesh,Kurnool,cotton,264920,507.87,13.71249,6.09444,13.71249,3632712.851,1614539.045,3632712.851,28,65,6,700,3,22
52,1966,1,Andhra Pradesh,Ananthapur,rice,63000,1730.16,43.254,20.76192,38.06352,2725002,1308000.96,2398001.76,25,80,6.5,1200,2,18
52,1966,1,Andhra Pradesh,Ananthapur,maize,1000,300,8.1,3.6,5.1,8100,3600,5100,22,70,6,800,2.5,20
52,1966,1,Andhra Pradesh,Ananthapur,chickpea,2000,500,9,5,9,18000,10000,18000,20,60,6.5,600,1.5,16
52,1966,1,Andhra Pradesh,Ananthapur,cotton,42000,47.62,1.28574,0.57144,1.28574,54001.08,24000.48,54001.08,28,65,6,700,3,22
52,1967,1,Andhra Pradesh,Ananthapur,rice,47000,1553.19,38.82975,18.63828,34.17018,1824998.25,875999.16,1605998.46,25,80,6.5,1200,2,18
52,1967,1,Andhra Pradesh,Ananthapur,maize,400,1000,27,12,17,10800,4800,6800,22,70,6,800,2.5,20
52,1967,1,Andhra Pradesh,Ananthapur,chickpea,3000,333.33,5.99994,3.3333,5.99994,17999.82,9999.9,17999.82,20,60,6.5,600,1.5,16
52,1967,1,Andhra Pradesh,Ananthapur,cotton,35000,28.57,0.77139,0.34284,0.77139,26998.65,11999.4,26998.65,28,65,6,700,3,22
52,1968,1,Andhra Pradesh,Ananthapur,rice,47300,1310.78,32.7695,15.72936,28.83716,1549997.35,743998.728,1363997.668,25,80,6.5,1200,2,18
52,1968,1,Andhra Pradesh,Ananthapur,maize,700,1428.57,38.57139,17.14284,24.28569,26999.973,11999.988,16999.983,22,70,6,800,2.5,20
52,1968,1,Andhra Pradesh,Ananthapur,chickpea,2600,384.62,6.92316,3.8462,6.92316,18000.216,10000.12,18000.216,20,60,6.5,600,1.5,16
52,1968,1,Andhra Pradesh,Ananthapur,cotton,31500,31.75,0.85725,0.381,0.85725,27003.375,12001.5,27003.375,28,65,6,700,3,22
52,1969,1,Andhra Pradesh,Ananthapur,rice,64200,1560.75,39.01875,18.729,34.3365,2505003.75,1202401.8,2204403.3,25,80,6.5,1200,2,18
52,1969,1,Andhra Pradesh,Ananthapur,maize,600,1333.33,35.99991,15.99996,22.66661,21599.946,9599.976,13599.966,22,70,6,800,2.5,20
52,1969,1,Andhra Pradesh,Ananthapur,chickpea,1800,222.22,3.99996,2.2222,3.99996,7199.928,3999.96,7199.928,20,60,6.5,600,1.5,16
52,1969,1,Andhra Pradesh,Ananthapur,cotton,33600,47.62,1.28574,0.57144,1.28574,43200.864,19200.384,43200.864,28,65,6,700,3,22
52,1970,1,Andhra Pradesh,Ananthapur,rice,71600,1568.44,39.211,18.82128,34.50568,2807507.6,1347603.648,2470606.688,25,80,6.5,1200,2,18
52,1970,1,Andhra Pradesh,Ananthapur,maize,800,1500,40.5,18,25.5,32400,14400,20400,22,70,6,800,2.5,20
52,1970,1,Andhra Pradesh,Ananthapur,chickpea,1700,411.76,7.41168,4.1176,7.41168,12599.856,6999.92,12599.856,20,60,6.5,600,1.5,16
52,1970,1,Andhra Pradesh,Ananthapur,cotton,31000,41.94,1.13238,0.50328,1.13238,35103.78,15601.68,35103.78,28,65,6,700,3,22
52,1971,1,Andhra Pradesh,Ananthapur,rice,64500,1844.96,46.124,22.13952,40.58912,2974998,1427999.04,2617998.24,25,80,6.5,1200,2,18
52,1971,1,Andhra Pradesh,Ananthapur,maize,1100,1272.73,34.36371,15.27276,21.63641,37800.081,16800.036,23800.051,22,70,6,800,2.5,20
52,1971,1,Andhra Pradesh,Ananthapur,chickpea,2200,272.73,4.90914,2.7273,4.90914,10800.108,6000.06,10800.108,20,60,6.5,600,1.5,16
52,1971,1,Andhra Pradesh,Ananthapur,cotton,30900,51.78,1.39806,0.62136,1.39806,43200.054,19200.024,43200.054,28,65,6,700,3,22
52,1972,1,Andhra Pradesh,Ananthapur,rice,87600,1769.41,44.23525,21.23292,38.92702,3875007.9,1860003.792,3410006.952,25,80,6.5,1200,2,18
52,1972,1,Andhra Pradesh,Ananthapur,maize,700,1000,27,12,17,18900,8400,11900,22,70,6,800,2.5,20
52,1972,1,Andhra Pradesh,Ananthapur,chickpea,2700,148.15,2.6667,1.4815,2.6667,7200.09,4000.05,7200.09,20,60,6.5,600,1.5,16
52,1972,1,Andhra Pradesh,Ananthapur,cotton,19000,42.11,1.13697,0.50532,1.13697,21602.43,9601.08,21602.43,28,65,6,700,3,22
52,1973,1,Andhra Pradesh,Ananthapur,rice,102700,1609.54,40.2385,19.31448,35.40988,4132493.95,1983597.096,3636594.676,25,80,6.5,1200,2,18
52,1973,1,Andhra Pradesh,Ananthapur,maize,1000,1500,40.5,18,25.5,40500,18000,25500,22,70,6,800,2.5,20
52,1973,1,Andhra Pradesh,Ananthapur,chickpea,2200,272.73,4.90914,2.7273,4.90914,10800.108,6000.06,10800.108,20,60,6.5,600,1.5,16
52,1973,1,Andhra Pradesh,Ananthapur,cotton,26700,48.69,1.31463,0.58428,1.31463,35100.621,15600.276,35100.621,28,65,6,700,3,22
52,1974,1,Andhra Pradesh,Ananthapur,rice,98400,1791.67,44.79175,21.50004,39.41674,4407508.2,2115603.936,3878607.216,25,80,6.5,1200,2,18
52,1974,1,Andhra Pradesh,Ananthapur,maize,1000,1900,51.3,22.8,32.3,51300,22800,32300,22,70,6,800,2.5,20
52,1974,1,Andhra Pradesh,Ananthapur,chickpea,2500,240,4.32,2.4,4.32,10800,6000,10800,20,60,6.5,600,1.5,16
52,1974,1,Andhra Pradesh,Ananthapur,cotton,20800,144.23,3.89421,1.73076,3.89421,80999.568,35999.808,80999.568,28,65,6,700,3,22
52,1975,1,Andhra Pradesh,Ananthapur,rice,112100,1443.35,36.08375,17.3202,31.7537,4044988.375,1941594.42,3559589.77,25,80,6.5,1200,2,18
52,1975,1,Andhra Pradesh,Ananthapur,maize,300,1333.33,35.99991,15.99996,22.66661,10799.973,4799.988,6799.983,22,70,6,800,2.5,20
52,1975,1,Andhra Pradesh,Ananthapur,chickpea,1800,444.44,7.99992,4.4444,7.99992,14399.856,7999.92,14399.856,20,60,6.5,600,1.5,16
52,1975,1,Andhra Pradesh,Ananthapur,cotton,11800,59.32,1.60164,0.71184,1.60164,18899.352,8399.712,18899.352,28,65,6,700,3,22
52,1976,1,Andhra Pradesh,Ananthapur,rice,64500,1227.91,30.69775,14.73492,27.01402,1980004.875,950402.34,1742404.29,25,80,6.5,1200,2,18
52,1976,1,Andhra Pradesh,Ananthapur,maize,300,1333.33,35.99991,15.99996,22.66661,10799.973,4799.988,6799.983,22,70,6,800,2.5,20
52,1976,1,Andhra Pradesh,Ananthapur,chickpea,1300,384.62,6.92316,3.8462,6.92316,9000.108,5000.06,9000.108,20,60,6.5,600,1.5,16
52,1976,1,Andhra Pradesh,Ananthapur,cotton,9800,71.43,1.92861,0.85716,1.92861,18900.378,8400.168,18900.378,28,65,6,700,3,22
52,1977,1,Andhra Pradesh,Ananthapur,rice,76000,1860.53,46.51325,22.32636,40.93166,3535007,1696803.36,3110806.16,25,80,6.5,1200,2,18
52,1977,1,Andhra Pradesh,Ananthapur,maize,600,1666.67,45.00009,20.00004,28.33339,27000.054,12000.024,17000.034,22,70,6,800,2.5,20
52,1977,1,Andhra Pradesh,Ananthapur,chickpea,1700,411.76,7.41168,4.1176,7.41168,12599.856,6999.92,12599.856,20,60,6.5,600,1.5,16
52,1977,1,Andhra Pradesh,Ananthapur,cotton,28000,103.57,2.79639,1.24284,2.79639,78298.92,34799.52,78298.92,28,65,6,700,3,22
52,1978,1,Andhra Pradesh,Ananthapur,rice,60800,1842.11,46.05275,22.10532,40.52642,2800007.2,1344003.456,2464006.336,25,80,6.5,1200,2,18
52,1978,1,Andhra Pradesh,Ananthapur,maize,700,1571.43,42.42861,18.85716,26.71431,29700.027,13200.012,18700.017,22,70,6,800,2.5,20
52,1978,1,Andhra Pradesh,Ananthapur,chickpea,2400,416.67,7.50006,4.1667,7.50006,18000.144,10000.08,18000.144,20,60,6.5,600,1.5,16
52,1978,1,Andhra Pradesh,Ananthapur,cotton,26000,61.54,1.66158,0.73848,1.66158,43201.08,19200.48,43201.08,28,65,6,700,3,22
52,1979,1,Andhra Pradesh,Ananthapur,rice,65000,1661.54,41.5385,19.93848,36.55388,2700002.5,1296001.2,2376002.2,25,80,6.5,1200,2,18
52,1979,1,Andhra Pradesh,Ananthapur,maize,1000,2000,54,24,34,54000,24000,34000,22,70,6,800,2.5,20
52,1979,1,Andhra Pradesh,Ananthapur,chickpea,2600,461.54,8.30772,4.6154,8.30772,21600.072,12000.04,21600.072,20,60,6.5,600,1.5,16
52,1979,1,Andhra Pradesh,Ananthapur,cotton,27600,76.09,2.05443,0.91308,2.05443,56702.268,25201.008,56702.268,28,65,6,700,3,22
52,1980,1,Andhra Pradesh,Ananthapur,rice,52000,1884.62,47.1155,22.61544,41.46164,2450006,1176002.88,2156005.28,25,80,6.5,1200,2,18
52,1980,1,Andhra Pradesh,Ananthapur,maize,2000,950,25.65,11.4,16.15,51300,22800,32300,22,70,6,800,2.5,20
52,1980,1,Andhra Pradesh,Ananthapur,chickpea,1900,473.68,8.52624,4.7368,8.52624,16199.856,8999.92,16199.856,20,60,6.5,600,1.5,16
52,1980,1,Andhra Pradesh,Ananthapur,cotton,28300,123.67,3.33909,1.48404,3.33909,94496.247,41998.332,94496.247,28,65,6,700,3,22
52,1981,1,Andhra Pradesh,Ananthapur,rice,80000,1887.5,47.1875,22.65,41.525,3775000,1812000,3322000,25,80,6.5,1200,2,18
52,1981,1,Andhra Pradesh,Ananthapur,maize,2000,3000,81,36,51,162000,72000,102000,22,70,6,800,2.5,20
52,1981,1,Andhra Pradesh,Ananthapur,chickpea,1900,473.68,8.52624,4.7368,8.52624,16199.856,8999.92,16199.856,20,60,6.5,600,1.5,16
52,1981,1,Andhra Pradesh,Ananthapur,cotton,32000,106.25,2.86875,1.275,2.86875,91800,40800,91800,28,65,6,700,3,22
52,1982,1,Andhra Pradesh,Ananthapur,rice,58500,1957.26,48.9315,23.48712,43.05972,2862492.75,1373996.52,2518993.62,25,80,6.5,1200,2,18
52,1982,1,Andhra Pradesh,Ananthapur,maize,500,3600,97.2,43.2,61.2,48600,21600,30600,22,70,6,800,2.5,20
52,1982,1,Andhra Pradesh,Ananthapur,chickpea,2500,640,11.52,6.4,11.52,28800,16000,28800,20,60,6.5,600,1.5,16
52,1982,1,Andhra Pradesh,Ananthapur,cotton,29900,96.99,2.61873,1.16388,2.61873,78300.027,34800.012,78300.027,28,65,6,700,3,22
52,1983,1,Andhra Pradesh,Ananthapur,rice,61200,1915.03,47.87575,22.98036,42.13066,2929995.9,1406398.032,2578396.392,25,80,6.5,1200,2,18
52,1983,1,Andhra Pradesh,Ananthapur,maize,1000,3400,91.8,40.8,57.8,91800,40800,57800,22,70,6,800,2.5,20
52,1983,1,Andhra Pradesh,Ananthapur,chickpea,2200,681.82,12.27276,6.8182,12.27276,27000.072,15000.04,27000.072,20,60,6.5,600,1.5,16
52,1983,1,Andhra Pradesh,Ananthapur,cotton,32200,145.96,3.94092,1.75152,3.94092,126897.624,56398.944,126897.624,28,65,6,700,3,22
52,1984,1,Andhra Pradesh,Ananthapur,rice,44000,1786.36,44.659,21.43632,39.29992,1964996,943198.08,1729196.48,25,80,6.5,1200,2,18
52,1984,1,Andhra Pradesh,Ananthapur,maize,600,1833.33,49.49991,21.99996,31.16661,29699.946,13199.976,18699.966,22,70,6,800,2.5,20
52,1984,1,Andhra Pradesh,Ananthapur,chickpea,3400,264.71,4.76478,2.6471,4.76478,16200.252,9000.14,16200.252,20,60,6.5,600,1.5,16
52,1984,1,Andhra Pradesh,Ananthapur,cotton,17200,279.07,7.53489,3.34884,7.53489,129600.108,57600.048,129600.108,28,65,6,700,3,22
52,1985,1,Andhra Pradesh,Ananthapur,rice,31500,2184.13,54.60325,26.20956,48.05086,1720002.375,825601.14,1513602.09,25,80,6.5,1200,2,18
52,1985,1,Andhra Pradesh,Ananthapur,maize,300,1666.67,45.00009,20.00004,28.33339,13500.027,6000.012,8500.017,22,70,6,800,2.5,20
52,1985,1,Andhra Pradesh,Ananthapur,chickpea,3200,125,2.25,1.25,2.25,7200,4000,7200,20,60,6.5,600,1.5,16
52,1985,1,Andhra Pradesh,Ananthapur,cotton,16800,166.67,4.50009,2.00004,4.50009,75601.512,33600.672,75601.512,28,65,6,700,3,22
52,1986,1,Andhra Pradesh,Ananthapur,rice,41000,1780.49,44.51225,21.36588,39.17078,1825002.25,876001.08,1606001.98,25,80,6.5,1200,2,18
52,1986,1,Andhra Pradesh,Ananthapur,maize,1000,1000,27,12,17,27000,12000,17000,22,70,6,800,2.5,20
52,1986,1,Andhra Pradesh,Ananthapur,chickpea,4000,250,4.5,2.5,4.5,18000,10000,18000,20,60,6.5,600,1.5,16
52,1986,1,Andhra Pradesh,Ananthapur,cotton,4000,100,2.7,1.2,2.7,10800,4800,10800,28,65,6,700,3,22
52,1987,1,Andhra Pradesh,Ananthapur,rice,43000,2046.51,51.16275,24.55812,45.02322,2199998.25,1055999.16,1935998.46,25,80,6.5,1200,2,18
52,1987,1,Andhra Pradesh,Ananthapur,maize,1000,1000,27,12,17,27000,12000,17000,22,70,6,800,2.5,20
52,1987,1,Andhra Pradesh,Ananthapur,chickpea,5000,600,10.8,6,10.8,54000,30000,54000,20,60,6.5,600,1.5,16
52,1987,1,Andhra Pradesh,Ananthapur,cotton,6000,66.67,1.80009,0.80004,1.80009,10800.54,4800.24,10800.54,28,65,6,700,3,22
52,1988,1,Andhra Pradesh,Ananthapur,rice,66100,2205.75,55.14375,26.469,48.5265,3645001.875,1749600.9,3207601.65,25,80,6.5,1200,2,18
52,1988,1,Andhra Pradesh,Ananthapur,maize,1600,1687.5,45.5625,20.25,28.6875,72900,32400,45900,22,70,6,800,2.5,20
52,1988,1,Andhra Pradesh,Ananthapur,chickpea,11300,601.77,10.83186,6.0177,10.83186,122400.018,68000.01,122400.018,20,60,6.5,600,1.5,16
52,1988,1,Andhra Pradesh,Ananthapur,cotton,7800,153.85,4.15395,1.8462,4.15395,32400.81,14400.36,32400.81,28,65,6,700,3,22
52,1989,1,Andhra Pradesh,Ananthapur,rice,79700,2247.18,56.1795,26.96616,49.43796,4477506.15,2149202.952,3940205.412,25,80,6.5,1200,2,18
52,1989,1,Andhra Pradesh,Ananthapur,maize,700,2000,54,24,34,37800,16800,23800,22,70,6,800,2.5,20
52,1989,1,Andhra Pradesh,Ananthapur,chickpea,9000,344.44,6.19992,3.4444,6.19992,55799.28,30999.6,55799.28,20,60,6.5,600,1.5,16
52,1989,1,Andhra Pradesh,Ananthapur,cotton,13900,266.19,7.18713,3.19428,7.18713,99901.107,44400.492,99901.107,28,65,6,700,3,22
52,1990,1,Andhra Pradesh,Ananthapur,rice,46000,2261.52,56.538,27.13824,49.75344,2600748,1248359.04,2288658.24,25,80,6.5,1200,2,18
52,1990,1,Andhra Pradesh,Ananthapur,maize,600,1983.33,53.54991,23.79996,33.71661,32129.946,14279.976,20229.966,22,70,6,800,2.5,20
52,1990,1,Andhra Pradesh,Ananthapur,chickpea,7460,981.23,17.66214,9.8123,17.66214,131759.5644,73199.758,131759.5644,20,60,6.5,600,1.5,16
52,1990,1,Andhra Pradesh,Ananthapur,cotton,15130,169.86,4.58622,2.03832,4.58622,69389.5086,30839.7816,69389.5086,28,65,6,700,3,22
52,1991,1,Andhra Pradesh,Ananthapur,rice,59570,2529.96,63.249,30.35952,55.65912,3767742.93,1808516.606,3315613.778,25,80,6.5,1200,2,18
52,1991,1,Andhra Pradesh,Ananthapur,maize,770,1909.09,51.54543,22.90908,32.45453,39689.9811,17639.9916,24989.9881,22,70,6,800,2.5,20
52,1991,1,Andhra Pradesh,Ananthapur,chickpea,6340,558.36,10.05048,5.5836,10.05048,63720.0432,35400.024,63720.0432,20,60,6.5,600,1.5,16
52,1991,1,Andhra Pradesh,Ananthapur,cotton,14510,233.63,6.30801,2.80356,6.30801,91529.2251,40679.6556,91529.2251,28,65,6,700,3,22
52,1992,1,Andhra Pradesh,Ananthapur,rice,46690,1962.95,49.07375,23.5554,43.1849,2291253.387,1099801.626,2016302.981,25,80,6.5,1200,2,18
52,1992,1,Andhra Pradesh,Ananthapur,maize,1260,2452.38,66.21426,29.42856,41.69046,83429.9676,37079.9856,52529.9796,22,70,6,800,2.5,20
52,1992,1,Andhra Pradesh,Ananthapur,chickpea,6000,530,9.54,5.3,9.54,57240,31800,57240,20,60,6.5,600,1.5,16
52,1992,1,Andhra Pradesh,Ananthapur,cotton,14140,243.28,6.56856,2.91936,6.56856,92879.4384,41279.7504,92879.4384,28,65,6,700,3,22
52,1993,1,Andhra Pradesh,Ananthapur,rice,49000,2183.67,54.59175,26.20404,48.04074,2674995.75,1283997.96,2353996.26,25,80,6.5,1200,2,18
52,1993,1,Andhra Pradesh,Ananthapur,maize,1000,3000,81,36,51,81000,36000,51000,22,70,6,800,2.5,20
52,1993,1,Andhra Pradesh,Ananthapur,chickpea,13000,769.23,13.84614,7.6923,13.84614,179999.82,99999.9,179999.82,20,60,6.5,600,1.5,16
52,1993,1,Andhra Pradesh,Ananthapur,cotton,10000,289,7.803,3.468,7.803,78030,34680,78030,28,65,6,700,3,22
52,1994,1,Andhra Pradesh,Ananthapur,rice,36000,2000,50,24,44,1800000,864000,1584000,25,80,6.5,1200,2,18
52,1994,1,Andhra Pradesh,Ananthapur,maize,1000,3000,81,36,51,81000,36000,51000,22,70,6,800,2.5,20
52,1994,1,Andhra Pradesh,Ananthapur,chickpea,34000,794.12,14.29416,7.9412,14.29416,486001.44,270000.8,486001.44,20,60,6.5,600,1.5,16
52,1994,1,Andhra Pradesh,Ananthapur,cotton,9000,245.56,6.63012,2.94672,6.63012,59671.08,26520.48,59671.08,28,65,6,700,3,22
52,1995,1,Andhra Pradesh,Ananthapur,rice,41000,2170.73,54.26825,26.04876,47.75606,2224998.25,1067999.16,1957998.46,25,80,6.5,1200,2,18
52,1995,1,Andhra Pradesh,Ananthapur,maize,2000,3500,94.5,42,59.5,189000,84000,119000,22,70,6,800,2.5,20
52,1995,1,Andhra Pradesh,Ananthapur,chickpea,21000,380.95,6.8571,3.8095,6.8571,143999.1,79999.5,143999.1,20,60,6.5,600,1.5,16
52,1995,1,Andhra Pradesh,Ananthapur,cotton,12000,297.5,8.0325,3.57,8.0325,96390,42840,96390,28,65,6,700,3,22
52,1996,1,Andhra Pradesh,Ananthapur,rice,68000,2470.59,61.76475,29.64708,54.35298,4200003,2016001.44,3696002.64,25,80,6.5,1200,2,18
52,1996,1,Andhra Pradesh,Ananthapur,maize,3000,4333.33,116.99991,51.99996,73.66661,350999.73,155999.88,220999.83,22,70,6,800,2.5,20
52,1996,1,Andhra Pradesh,Ananthapur,chickpea,13000,538.46,9.69228,5.3846,9.69228,125999.64,69999.8,125999.64,20,60,6.5,600,1.5,16
52,1996,1,Andhra Pradesh,Ananthapur,cotton,11000,262.73,7.09371,3.15276,7.09371,78030.81,34680.36,78030.81,28,65,6,700,3,22
52,1997,1,Andhra Pradesh,Ananthapur,rice,54000,2074.07,51.85175,24.88884,45.62954,2799994.5,1343997.36,2463995.16,25,80,6.5,1200,2,18
52,1997,1,Andhra Pradesh,Ananthapur,maize,4000,1750,47.25,21,29.75,189000,84000,119000,22,70,6,800,2.5,20
52,1997,1,Andhra Pradesh,Ananthapur,chickpea,28000,535.71,9.64278,5.3571,9.64278,269997.84,149998.8,269997.84,20,60,6.5,600,1.5,16
52,1997,1,Andhra Pradesh,Ananthapur,cotton,7000,242.86,6.55722,2.91432,6.55722,45900.54,20400.24,45900.54,28,65,6,700,3,22
52,1998,1,Andhra Pradesh,Ananthapur,rice,65000,2476.92,61.923,29.72304,54.49224,4024995,1931997.6,3541995.6,25,80,6.5,1200,2,18
52,1998,1,Andhra Pradesh,Ananthapur,maize,3000,3000,81,36,51,243000,108000,153000,22,70,6,800,2.5,20
52,1998,1,Andhra Pradesh,Ananthapur,chickpea,26000,1000,18,10,18,468000,260000,468000,20,60,6.5,600,1.5,16
52,1998,1,Andhra Pradesh,Ananthapur,cotton,14000,157.86,4.26222,1.89432,4.26222,59671.08,26520.48,59671.08,28,65,6,700,3,22
52,1999,1,Andhra Pradesh,Ananthapur,rice,58250,2587.98,64.6995,31.05576,56.93556,3768745.875,1808998.02,3316496.37,25,80,6.5,1200,2,18
52,1999,1,Andhra Pradesh,Ananthapur,maize,3810,3081.36,83.19672,36.97632,52.38312,316979.5032,140879.7792,199579.6872,22,70,6,800,2.5,20
52,1999,1,Andhra Pradesh,Ananthapur,chickpea,26840,349.11,6.28398,3.4911,6.28398,168662.0232,93701.124,168662.0232,20,60,6.5,600,1.5,16
52,1999,1,Andhra Pradesh,Ananthapur,cotton,9450,189.42,5.11434,2.27304,5.11434,48330.513,21480.228,48330.513,28,65,6,700,3,22
52,2000,1,Andhra Pradesh,Ananthapur,rice,62000,2821.29,70.53225,33.85548,62.06838,4372999.5,2099039.76,3848239.56,25,80,6.5,1200,2,18
52,2000,1,Andhra Pradesh,Ananthapur,maize,3870,2894.06,78.13962,34.72872,49.19902,302400.3294,134400.1464,190400.2074,22,70,6,800,2.5,20
52,2000,1,Andhra Pradesh,Ananthapur,chickpea,33880,670.01,12.06018,6.7001,12.06018,408598.8984,226999.388,408598.8984,20,60,6.5,600,1.5,16
52,2000,1,Andhra Pradesh,Ananthapur,cotton,12030,227.76,6.14952,2.73312,6.14952,73978.7256,32879.4336,73978.7256,28,65,6,700,3,22
52,2001,1,Andhra Pradesh,Ananthapur,rice,71000,2880.56,72.014,34.56672,63.37232,5112994,2454237.12,4499434.72,25,80,6.5,1200,2,18
52,2001,1,Andhra Pradesh,Ananthapur,maize,3110,3221.87,86.99049,38.66244,54.77179,270540.4239,120240.1884,170340.2669,22,70,6,800,2.5,20
52,2001,1,Andhra Pradesh,Ananthapur,chickpea,47910,1046.96,18.84528,10.4696,18.84528,902877.3648,501598.536,902877.3648,20,60,6.5,600,1.5,16
52,2001,1,Andhra Pradesh,Ananthapur,cotton,8550,180.12,4.86324,2.16144,4.86324,41580.702,18480.312,41580.702,28,65,6,700,3,22
52,2002,1,Andhra Pradesh,Ananthapur,rice,40000,2150,53.75,25.8,47.3,2150000,1032000,1892000,25,80,6.5,1200,2,18
52,2002,1,Andhra Pradesh,Ananthapur,maize,6000,2000,54,24,34,324000,144000,204000,22,70,6,800,2.5,20
52,2002,1,Andhra Pradesh,Ananthapur,chickpea,54000,370.37,6.66666,3.7037,6.66666,359999.64,199999.8,359999.64,20,60,6.5,600,1.5,16
52,2002,1,Andhra Pradesh,Ananthapur,cotton,8000,148.75,4.01625,1.785,4.01625,32130,14280,32130,28,65,6,700,3,22
52,2003,1,Andhra Pradesh,Ananthapur,rice,28340,2482.36,62.059,29.78832,54.61192,1758752.06,844200.9888,1547701.813,25,80,6.5,1200,2,18
52,2003,1,Andhra Pradesh,Ananthapur,maize,7460,2347.19,63.37413,28.16628,39.90223,472771.0098,210120.4488,297670.6358,22,70,6,800,2.5,20
52,2003,1,Andhra Pradesh,Ananthapur,chickpea,51460,300.04,5.40072,3.0004,5.40072,277921.0512,154400.584,277921.0512,20,60,6.5,600,1.5,16
52,2003,1,Andhra Pradesh,Ananthapur,cotton,4210,171.02,4.61754,2.05224,4.61754,19439.8434,8639.9304,19439.8434,28,65,6,700,3,22
52,2004,1,Andhra Pradesh,Ananthapur,rice,33580,3176.59,79.41475,38.11908,69.88498,2666747.305,1280038.706,2346737.628,25,80,6.5,1200,2,18
52,2004,1,Andhra Pradesh,Ananthapur,maize,7070,5070.72,136.90944,60.84864,86.20224,967949.7408,430199.8848,609449.8368,22,70,6,800,2.5,20
52,2004,1,Andhra Pradesh,Ananthapur,chickpea,42110,226.07,4.06926,2.2607,4.06926,171356.5386,95198.077,171356.5386,20,60,6.5,600,1.5,16
52,2004,1,Andhra Pradesh,Ananthapur,cotton,8930,134.38,3.62826,1.61256,3.62826,32400.3618,14400.1608,32400.3618,28,65,6,700,3,22
52,2005,1,Andhra Pradesh,Ananthapur,rice,48150,2607.68,65.192,31.29216,57.36896,3138994.8,1506717.504,2762315.424,25,80,6.5,1200,2,18
52,2005,1,Andhra Pradesh,Ananthapur,maize,7390,4365.36,117.86472,52.38432,74.21112,871020.2808,387120.1248,548420.1768,22,70,6,800,2.5,20
52,2005,1,Andhra Pradesh,Ananthapur,chickpea,49110,980.86,17.65548,9.8086,17.65548,867060.6228,481700.346,867060.6228,20,60,6.5,600,1.5,16
52,2005,1,Andhra Pradesh,Ananthapur,cotton,3300,178.79,4.82733,2.14548,4.82733,15930.189,7080.084,15930.189,28,65,6,700,3,22
52,2006,1,Andhra Pradesh,Ananthapur,rice,33200,2993.98,74.8495,35.92776,65.86756,2485003.4,1192801.632,2186802.992,25,80,6.5,1200,2,18
52,2006,1,Andhra Pradesh,Ananthapur,maize,8000,5477.5,147.8925,65.73,93.1175,1183140,525840,744940,22,70,6,800,2.5,20
52,2006,1,Andhra Pradesh,Ananthapur,chickpea,83530,368.01,6.62418,3.6801,6.62418,553317.7554,307398.753,553317.7554,20,60,6.5,600,1.5,16
52,2006,1,Andhra Pradesh,Ananthapur,cotton,1510,218.54,5.90058,2.62248,5.90058,8909.8758,3959.9448,8909.8758,28,65,6,700,3,22
52,2007,1,Andhra Pradesh,Ananthapur,rice,44490,2978.65,74.46625,35.7438,65.5303,3313003.463,1590241.662,2915443.047,25,80,6.5,1200,2,18
52,2007,1,Andhra Pradesh,Ananthapur,maize,13490,5908.08,159.51816,70.89696,100.43736,2151899.978,956399.9904,1354899.986,22,70,6,800,2.5,20
52,2007,1,Andhra Pradesh,Ananthapur,chickpea,74850,1045.02,18.81036,10.4502,18.81036,1407955.446,782197.47,1407955.446,20,60,6.5,600,1.5,16
52,2007,1,Andhra Pradesh,Ananthapur,cotton,3490,77.36,2.08872,0.92832,2.08872,7289.6328,3239.8368,7289.6328,28,65,6,700,3,22
52,2008,1,Andhra Pradesh,Ananthapur,rice,48720,2964.49,74.11225,35.57388,65.21878,3610748.82,1733159.434,3177458.962,25,80,6.5,1200,2,18
52,2008,1,Andhra Pradesh,Ananthapur,maize,9700,5484.54,148.08258,65.81448,93.23718,1436401.026,638400.456,904400.646,22,70,6,800,2.5,20
52,2008,1,Andhra Pradesh,Ananthapur,chickpea,73060,935.94,16.84692,9.3594,16.84692,1230835.975,683797.764,1230835.975,20,60,6.5,600,1.5,16
52,2008,1,Andhra Pradesh,Ananthapur,cotton,1610,130.43,3.52161,1.56516,3.52161,5669.7921,2519.9076,5669.7921,28,65,6,700,3,22
52,2009,1,Andhra Pradesh,Ananthapur,rice,51650,2873.38,71.8345,34.48056,63.21436,3710251.925,1780920.924,3265021.694,25,80,6.5,1200,2,18
52,2009,1,Andhra Pradesh,Ananthapur,maize,13470,5765.4,155.6658,69.1848,98.0118,2096818.326,931919.256,1320218.946,22,70,6,800,2.5,20
52,2009,1,Andhra Pradesh,Ananthapur,chickpea,92940,1153.97,20.77146,11.5397,20.77146,1930499.492,1072499.718,1930499.492,20,60,6.5,600,1.5,16
52,2009,1,Andhra Pradesh,Ananthapur,cotton,2060,101.94,2.75238,1.22328,2.75238,5669.9028,2519.9568,5669.9028,28,65,6,700,3,22
52,2010,1,Andhra Pradesh,Ananthapur,rice,59800,2866.22,71.6555,34.39464,63.05684,4284998.9,2056799.472,3770799.032,25,80,6.5,1200,2,18
52,2010,1,Andhra Pradesh,Ananthapur,maize,15480,6103.36,164.79072,73.24032,103.75712,2550960.346,1133760.154,1606160.218,22,70,6,800,2.5,20
52,2010,1,Andhra Pradesh,Ananthapur,chickpea,94240,780.98,14.05764,7.8098,14.05764,1324791.994,735995.552,1324791.994,20,60,6.5,600,1.5,16
52,2010,1,Andhra Pradesh,Ananthapur,cotton,4340,117.51,3.17277,1.41012,3.17277,13769.8218,6119.9208,13769.8218,28,65,6,700,3,22
52,2011,1,Andhra Pradesh,Ananthapur,rice,48670,2467.02,61.6755,29.60424,54.27444,3001746.585,1440838.361,2641536.995,25,80,6.5,1200,2,18
52,2011,1,Andhra Pradesh,Ananthapur,maize,31660,3525.9,95.1993,42.3108,59.9403,3014009.838,1339559.928,1897709.898,22,70,6,800,2.5,20
52,2011,1,Andhra Pradesh,Ananthapur,chickpea,68480,555.05,9.9909,5.5505,9.9909,684176.832,380098.24,684176.832,20,60,6.5,600,1.5,16
52,2011,1,Andhra Pradesh,Ananthapur,cotton,19300,106.22,2.86794,1.27464,2.86794,55351.242,24600.552,55351.242,28,65,6,700,3,22
52,2012,1,Andhra Pradesh,Ananthapur,rice,29050,2631.67,65.79175,31.58004,57.89674,1911250.338,917400.162,1681900.297,25,80,6.5,1200,2,18
52,2012,1,Andhra Pradesh,Ananthapur,maize,29110,3902.78,105.37506,46.83336,66.34726,3067467.997,1363319.11,1931368.739,22,70,6,800,2.5,20
52,2012,1,Andhra Pradesh,Ananthapur,chickpea,89680,861.95,15.5151,8.6195,15.5151,1391394.168,772996.76,1391394.168,20,60,6.5,600,1.5,16
52,2012,1,Andhra Pradesh,Ananthapur,cotton,27640,218.89,5.91003,2.62668,5.91003,163353.2292,72601.4352,163353.2292,28,65,6,700,3,22
52,2013,1,Andhra Pradesh,Ananthapur,rice,40400,2176.73,54.41825,26.12076,47.88806,2198497.3,1055278.704,1934677.624,25,80,6.5,1200,2,18
52,2013,1,Andhra Pradesh,Ananthapur,maize,34860,3189.9,86.1273,38.2788,54.2283,3002397.678,1334398.968,1890398.538,22,70,6,800,2.5,20
52,2013,1,Andhra Pradesh,Ananthapur,chickpea,85770,799.93,14.39874,7.9993,14.39874,1234979.93,686099.961,1234979.93,20,60,6.5,600,1.5,16
52,2013,1,Andhra Pradesh,Ananthapur,cotton,37720,369.57,9.97839,4.43484,9.97839,376384.8708,167282.1648,376384.8708,28,65,6,700,3,22
52,2014,1,Andhra Pradesh,Ananthapur,rice,29210,2825.4,70.635,33.9048,62.1588,2063248.35,990359.208,1815658.548,25,80,6.5,1200,2,18
52,2014,1,Andhra Pradesh,Ananthapur,maize,21310,3487.1,94.1517,41.8452,59.2807,2006372.727,891721.212,1263271.717,22,70,6,800,2.5,20
52,2014,1,Andhra Pradesh,Ananthapur,chickpea,68090,568.07,10.22526,5.6807,10.22526,696237.9534,386798.863,696237.9534,20,60,6.5,600,1.5,16
52,2014,1,Andhra Pradesh,Ananthapur,cotton,74620,253.28,6.83856,3.03936,6.83856,510293.3472,226797.0432,510293.3472,28,65,6,700,3,22
52,2015,1,Andhra Pradesh,Ananthapur,rice,33620,2904.52,72.613,34.85424,63.89944,2441249.06,1171799.549,2148299.173,25,80,6.5,1200,2,18
52,2015,1,Andhra Pradesh,Ananthapur,maize,17840,3120.52,84.25404,37.44624,53.04884,1503092.074,668040.9216,946391.3056,22,70,6,800,2.5,20
52,2015,1,Andhra Pradesh,Ananthapur,chickpea,75800,451.06,8.11908,4.5106,8.11908,615426.264,341903.48,615426.264,20,60,6.5,600,1.5,16
52,2015,1,Andhra Pradesh,Ananthapur,cotton,60790,299.39,8.08353,3.59268,8.08353,491397.7887,218399.0172,491397.7887,28,65,6,700,3,22
52,2016,1,Andhra Pradesh,Ananthapur,rice,22890,2509.33,62.73325,30.11196,55.20526,1435964.093,689262.7644,1263648.401,25,80,6.5,1200,2,18
52,2016,1,Andhra Pradesh,Ananthapur,maize,18310,2626.3,70.9101,31.5156,44.6471,1298363.931,577050.636,817488.401,22,70,6,800,2.5,20
52,2016,1,Andhra Pradesh,Ananthapur,chickpea,22870,258.98,4.66164,2.5898,4.66164,106611.7068,59228.726,106611.7068,20,60,6.5,600,1.5,16
52,2016,1,Andhra Pradesh,Ananthapur,cotton,31800,147.54,3.98358,1.77048,3.98358,126677.844,56301.264,126677.844,28,65,6,700,3,22
52,2017,1,Andhra Pradesh,Ananthapur,rice,30910,2793.52,69.838,33.52224,61.45744,2158692.58,1036172.438,1899649.47,25,80,6.5,1200,2,18
52,2017,1,Andhra Pradesh,Ananthapur,maize,23270,3936.22,106.27794,47.23464,66.91574,2473087.664,1099150.073,1557129.27,22,70,6,800,2.5,20
52,2017,1,Andhra Pradesh,Ananthapur,chickpea,74400,680,12.24,6.8,12.24,910656,505920,910656,20,60,6.5,600,1.5,16
52,2017,1,Andhra Pradesh,Ananthapur,cotton,45550,510.22,13.77594,6.12264,13.77594,627494.067,278886.252,627494.067,28,65,6,700,3,22
53,1966,1,Andhra Pradesh,Kadapa YSR,rice,77000,1532.47,38.31175,18.38964,33.71434,2950004.75,1416002.28,2596004.18,25,80,6.5,1200,2,18
53,1966,1,Andhra Pradesh,Kadapa YSR,maize,100,1000,27,12,17,2700,1200,1700,22,70,6,800,2.5,20
53,1966,1,Andhra Pradesh,Kadapa YSR,chickpea,1000,300,5.4,3,5.4,5400,3000,5400,20,60,6.5,600,1.5,16
53,1966,1,Andhra Pradesh,Kadapa YSR,cotton,12000,83.33,2.24991,0.99996,2.24991,26998.92,11999.52,26998.92,28,65,6,700,3,22
53,1967,1,Andhra Pradesh,Kadapa YSR,rice,74000,1621.62,40.5405,19.45944,35.67564,2999997,1439998.56,2639997.36,25,80,6.5,1200,2,18
53,1967,1,Andhra Pradesh,Kadapa YSR,chickpea,1000,400,7.2,4,7.2,7200,4000,7200,20,60,6.5,600,1.5,16
53,1967,1,Andhra Pradesh,Kadapa YSR,cotton,12000,83.33,2.24991,0.99996,2.24991,26998.92,11999.52,26998.92,28,65,6,700,3,22
53,1968,1,Andhra Pradesh,Kadapa YSR,rice,56900,1476.27,36.90675,17.71524,32.47794,2099994.075,1007997.156,1847994.786,25,80,6.5,1200,2,18
53,1968,1,Andhra Pradesh,Kadapa YSR,chickpea,900,444.44,7.99992,4.4444,7.99992,7199.928,3999.96,7199.928,20,60,6.5,600,1.5,16
53,1968,1,Andhra Pradesh,Kadapa YSR,cotton,7500,133.33,3.59991,1.59996,3.59991,26999.325,11999.7,26999.325,28,65,6,700,3,22
53,1969,1,Andhra Pradesh,Kadapa YSR,rice,78200,1335.04,33.376,16.02048,29.37088,2610003.2,1252801.536,2296802.816,25,80,6.5,1200,2,18
53,1969,1,Andhra Pradesh,Kadapa YSR,chickpea,1200,416.67,7.50006,4.1667,7.50006,9000.072,5000.04,9000.072,20,60,6.5,600,1.5,16
53,1969,1,Andhra Pradesh,Kadapa YSR,cotton,11400,87.72,2.36844,1.05264,2.36844,27000.216,12000.096,27000.216,28,65,6,700,3,22
53,1970,1,Andhra Pradesh,Kadapa YSR,rice,74300,1239.57,30.98925,14.87484,27.27054,2302501.275,1105200.612,2026201.122,25,80,6.5,1200,2,18
53,1970,1,Andhra Pradesh,Kadapa YSR,maize,100,1000,27,12,17,2700,1200,1700,22,70,6,800,2.5,20
53,1970,1,Andhra Pradesh,Kadapa YSR,chickpea,800,500,9,5,9,7200,4000,7200,20,60,6.5,600,1.5,16
53,1970,1,Andhra Pradesh,Kadapa YSR,cotton,11300,79.65,2.15055,0.9558,2.15055,24301.215,10800.54,24301.215,28,65,6,700,3,22
53,1971,1,Andhra Pradesh,Kadapa YSR,rice,51600,1858.53,46.46325,22.30236,40.88766,2397503.7,1150801.776,2109803.256,25,80,6.5,1200,2,18
53,1971,1,Andhra Pradesh,Kadapa YSR,chickpea,700,428.57,7.71426,4.2857,7.71426,5399.982,2999.99,5399.982,20,60,6.5,600,1.5,16
53,1971,1,Andhra Pradesh,Kadapa YSR,cotton,12500,48,1.296,0.576,1.296,16200,7200,16200,28,65,6,700,3,22
53,1972,1,Andhra Pradesh,Kadapa YSR,rice,65300,1467.08,36.677,17.60496,32.27576,2395008.1,1149603.888,2107607.128,25,80,6.5,1200,2,18
53,1972,1,Andhra Pradesh,Kadapa YSR,chickpea,600,166.67,3.00006,1.6667,3.00006,1800.036,1000.02,1800.036,20,60,6.5,600,1.5,16
53,1972,1,Andhra Pradesh,Kadapa YSR,cotton,6500,61.54,1.66158,0.73848,1.66158,10800.27,4800.12,10800.27,28,65,6,700,3,22
53,1973,1,Andhra Pradesh,Kadapa YSR,rice,71800,1844.01,46.10025,22.12812,40.56822,3309997.95,1588799.016,2912798.196,25,80,6.5,1200,2,18
53,1973,1,Andhra Pradesh,Kadapa YSR,maize,100,1000,27,12,17,2700,1200,1700,22,70,6,800,2.5,20
53,1973,1,Andhra Pradesh,Kadapa YSR,chickpea,600,333.33,5.99994,3.3333,5.99994,3599.964,1999.98,3599.964,20,60,6.5,600,1.5,16
53,1973,1,Andhra Pradesh,Kadapa YSR,cotton,11500,52.17,1.40859,0.62604,1.40859,16198.785,7199.46,16198.785,28,65,6,700,3,22
53,1974,1,Andhra Pradesh,Kadapa YSR,rice,76200,1834.65,45.86625,22.0158,40.3623,3495008.25,1677603.96,3075607.26,25,80,6.5,1200,2,18
53,1974,1,Andhra Pradesh,Kadapa YSR,chickpea,700,714.29,12.85722,7.1429,12.85722,9000.054,5000.03,9000.054,20,60,6.5,600,1.5,16
53,1974,1,Andhra Pradesh,Kadapa YSR,cotton,7300,150.68,4.06836,1.80816,4.06836,29699.028,13199.568,29699.028,28,65,6,700,3,22
53,1975,1,Andhra Pradesh,Kadapa YSR,rice,82400,1780.34,44.5085,21.36408,39.16748,3667500.4,1760400.192,3227400.352,25,80,6.5,1200,2,18
53,1975,1,Andhra Pradesh,Kadapa YSR,maize,200,2000,54,24,34,10800,4800,6800,22,70,6,800,2.5,20
53,1975,1,Andhra Pradesh,Kadapa YSR,chickpea,1900,473.68,8.52624,4.7368,8.52624,16199.856,8999.92,16199.856,20,60,6.5,600,1.5,16
53,1975,1,Andhra Pradesh,Kadapa YSR,cotton,4900,40.82,1.10214,0.48984,1.10214,5400.486,2400.216,5400.486,28,65,6,700,3,22
53,1976,1,Andhra Pradesh,Kadapa YSR,rice,82000,1437.8,35.945,17.2536,31.6316,2947490,1414795.2,2593791.2,25,80,6.5,1200,2,18
53,1976,1,Andhra Pradesh,Kadapa YSR,maize,100,2000,54,24,34,5400,2400,3400,22,70,6,800,2.5,20
53,1976,1,Andhra Pradesh,Kadapa YSR,chickpea,2100,380.95,6.8571,3.8095,6.8571,14399.91,7999.95,14399.91,20,60,6.5,600,1.5,16
53,1976,1,Andhra Pradesh,Kadapa YSR,cotton,10000,90,2.43,1.08,2.43,24300,10800,24300,28,65,6,700,3,22
53,1977,1,Andhra Pradesh,Kadapa YSR,rice,70200,1592.59,39.81475,19.11108,35.03698,2794995.45,1341597.816,2459595.996,25,80,6.5,1200,2,18
53,1977,1,Andhra Pradesh,Kadapa YSR,maize,100,1000,27,12,17,2700,1200,1700,22,70,6,800,2.5,20
53,1977,1,Andhra Pradesh,Kadapa YSR,chickpea,1000,400,7.2,4,7.2,7200,4000,7200,20,60,6.5,600,1.5,16
53,1977,1,Andhra Pradesh,Kadapa YSR,cotton,13500,140.74,3.79998,1.68888,3.79998,51299.73,22799.88,51299.73,28,65,6,700,3,22
53,1978,1,Andhra Pradesh,Kadapa YSR,rice,73800,2070.46,51.7615,24.84552,45.55012,3819998.7,1833599.376,3361598.856,25,80,6.5,1200,2,18
53,1978,1,Andhra Pradesh,Kadapa YSR,maize,100,1000,27,12,17,2700,1200,1700,22,70,6,800,2.5,20
53,1978,1,Andhra Pradesh,Kadapa YSR,chickpea,700,428.57,7.71426,4.2857,7.71426,5399.982,2999.99,5399.982,20,60,6.5,600,1.5,16
53,1978,1,Andhra Pradesh,Kadapa YSR,cotton,11800,76.27,2.05929,0.91524,2.05929,24299.622,10799.832,24299.622,28,65,6,700,3,22
53,1979,1,Andhra Pradesh,Kadapa YSR,rice,73000,1630.14,40.7535,19.56168,35.86308,2975005.5,1428002.64,2618004.84,25,80,6.5,1200,2,18
53,1979,1,Andhra Pradesh,Kadapa YSR,maize,100,1000,27,12,17,2700,1200,1700,22,70,6,800,2.5,20
53,1979,1,Andhra Pradesh,Kadapa YSR,chickpea,700,428.57,7.71426,4.2857,7.71426,5399.982,2999.99,5399.982,20,60,6.5,600,1.5,16
53,1979,1,Andhra Pradesh,Kadapa YSR,cotton,12500,96,2.592,1.152,2.592,32400,14400,32400,28,65,6,700,3,22
53,1980,1,Andhra Pradesh,Kadapa YSR,rice,53700,1884.54,47.1135,22.61448,41.45988,2529994.95,1214397.576,2226395.556,25,80,6.5,1200,2,18
53,1980,1,Andhra Pradesh,Kadapa YSR,maize,100,1000,27,12,17,2700,1200,1700,22,70,6,800,2.5,20
53,1980,1,Andhra Pradesh,Kadapa YSR,chickpea,500,400,7.2,4,7.2,3600,2000,3600,20,60,6.5,600,1.5,16
53,1980,1,Andhra Pradesh,Kadapa YSR,cotton,12800,156.25,4.21875,1.875,4.21875,54000,24000,54000,28,65,6,700,3,22
53,1981,1,Andhra Pradesh,Kadapa YSR,rice,61000,2180.33,54.50825,26.16396,47.96726,3325003.25,1596001.56,2926002.86,25,80,6.5,1200,2,18
53,1981,1,Andhra Pradesh,Kadapa YSR,chickpea,500,400,7.2,4,7.2,3600,2000,3600,20,60,6.5,600,1.5,16
53,1981,1,Andhra Pradesh,Kadapa YSR,cotton,14500,131.03,3.53781,1.57236,3.53781,51298.245,22799.22,51298.245,28,65,6,700,3,22
53,1982,1,Andhra Pradesh,Kadapa YSR,rice,52200,2314.18,57.8545,27.77016,50.91196,3020004.9,1449602.352,2657604.312,25,80,6.5,1200,2,18
53,1982,1,Andhra Pradesh,Kadapa YSR,chickpea,700,714.29,12.85722,7.1429,12.85722,9000.054,5000.03,9000.054,20,60,6.5,600,1.5,16
53,1982,1,Andhra Pradesh,Kadapa YSR,cotton,13600,125,3.375,1.5,3.375,45900,20400,45900,28,65,6,700,3,22
53,1983,1,Andhra Pradesh,Kadapa YSR,rice,73500,2091.16,52.279,25.09392,46.00552,3842506.5,1844403.12,3381405.72,25,80,6.5,1200,2,18
53,1983,1,Andhra Pradesh,Kadapa YSR,chickpea,600,666.67,12.00006,6.6667,12.00006,7200.036,4000.02,7200.036,20,60,6.5,600,1.5,16
53,1983,1,Andhra Pradesh,Kadapa YSR,cotton,14600,184.93,4.99311,2.21916,4.99311,72899.406,32399.736,72899.406,28,65,6,700,3,22
53,1984,1,Andhra Pradesh,Kadapa YSR,rice,53600,2076.49,51.91225,24.91788,45.68278,2782496.6,1335598.368,2448597.008,25,80,6.5,1200,2,18
53,1984,1,Andhra Pradesh,Kadapa YSR,chickpea,2000,350,6.3,3.5,6.3,12600,7000,12600,20,60,6.5,600,1.5,16
53,1984,1,Andhra Pradesh,Kadapa YSR,cotton,5600,35.71,0.96417,0.42852,0.96417,5399.352,2399.712,5399.352,28,65,6,700,3,22
53,1985,1,Andhra Pradesh,Kadapa YSR,rice,55100,2087.11,52.17775,25.04532,45.91642,2874994.025,1379997.132,2529994.742,25,80,6.5,1200,2,18
53,1985,1,Andhra Pradesh,Kadapa YSR,maize,100,1000,27,12,17,2700,1200,1700,22,70,6,800,2.5,20
53,1985,1,Andhra Pradesh,Kadapa YSR,chickpea,1700,352.94,6.35292,3.5294,6.35292,10799.964,5999.98,10799.964,20,60,6.5,600,1.5,16
53,1985,1,Andhra Pradesh,Kadapa YSR,cotton,4800,20.83,0.56241,0.24996,0.56241,2699.568,1199.808,2699.568,28,65,6,700,3,22
53,1986,1,Andhra Pradesh,Kadapa YSR,rice,40000,2425,60.625,29.1,53.35,2425000,1164000,2134000,25,80,6.5,1200,2,18
53,1986,1,Andhra Pradesh,Kadapa YSR,chickpea,2000,500,9,5,9,18000,10000,18000,20,60,6.5,600,1.5,16
53,1986,1,Andhra Pradesh,Kadapa YSR,cotton,2000,50,1.35,0.6,1.35,2700,1200,2700,28,65,6,700,3,22
53,1987,1,Andhra Pradesh,Kadapa YSR,rice,45000,2355.56,58.889,28.26672,51.82232,2650005,1272002.4,2332004.4,25,80,6.5,1200,2,18
53,1987,1,Andhra Pradesh,Kadapa YSR,chickpea,2000,500,9,5,9,18000,10000,18000,20,60,6.5,600,1.5,16
53,1987,1,Andhra Pradesh,Kadapa YSR,cotton,1000,100,2.7,1.2,2.7,2700,1200,2700,28,65,6,700,3,22
53,1988,1,Andhra Pradesh,Kadapa YSR,rice,73700,2937.58,73.4395,35.25096,64.62676,5412491.15,2597995.752,4762992.212,25,80,6.5,1200,2,18
53,1988,1,Andhra Pradesh,Kadapa YSR,maize,200,2500,67.5,30,42.5,13500,6000,8500,22,70,6,800,2.5,20
53,1988,1,Andhra Pradesh,Kadapa YSR,chickpea,1900,263.16,4.73688,2.6316,4.73688,9000.072,5000.04,9000.072,20,60,6.5,600,1.5,16
53,1988,1,Andhra Pradesh,Kadapa YSR,cotton,1200,166.67,4.50009,2.00004,4.50009,5400.108,2400.048,5400.108,28,65,6,700,3,22
53,1989,1,Andhra Pradesh,Kadapa YSR,rice,57800,2870.24,71.756,34.44288,63.14528,4147496.8,1990798.464,3649797.184,25,80,6.5,1200,2,18
53,1989,1,Andhra Pradesh,Kadapa YSR,chickpea,5700,315.79,5.68422,3.1579,5.68422,32400.054,18000.03,32400.054,20,60,6.5,600,1.5,16
53,1989,1,Andhra Pradesh,Kadapa YSR,cotton,1800,222.22,5.99994,2.66664,5.99994,10799.892,4799.952,10799.892,28,65,6,700,3,22
53,1990,1,Andhra Pradesh,Kadapa YSR,rice,64220,2829.96,70.749,33.95952,62.25912,4543500.78,2180880.374,3998280.686,25,80,6.5,1200,2,18
53,1990,1,Andhra Pradesh,Kadapa YSR,chickpea,4130,716.71,12.90078,7.1671,12.90078,53280.2214,29600.123,53280.2214,20,60,6.5,600,1.5,16
53,1990,1,Andhra Pradesh,Kadapa YSR,cotton,2500,168,4.536,2.016,4.536,11340,5040,11340,28,65,6,700,3,22
53,1991,1,Andhra Pradesh,Kadapa YSR,rice,72360,2591.35,64.78375,31.0962,57.0097,4687752.15,2250121.032,4125221.892,25,80,6.5,1200,2,18
53,1991,1,Andhra Pradesh,Kadapa YSR,maize,20,2000,54,24,34,1080,480,680,22,70,6,800,2.5,20
53,1991,1,Andhra Pradesh,Kadapa YSR,chickpea,5890,1096.77,19.74186,10.9677,19.74186,116279.5554,64599.753,116279.5554,20,60,6.5,600,1.5,16
53,1991,1,Andhra Pradesh,Kadapa YSR,cotton,4850,232.99,6.29073,2.79588,6.29073,30510.0405,13560.018,30510.0405,28,65,6,700,3,22
53,1992,1,Andhra Pradesh,Kadapa YSR,rice,48860,2680.52,67.013,32.16624,58.97144,3274255.18,1571642.486,2881344.558,25,80,6.5,1200,2,18
53,1992,1,Andhra Pradesh,Kadapa YSR,maize,250,2360,63.72,28.32,40.12,15930,7080,10030,22,70,6,800,2.5,20
53,1992,1,Andhra Pradesh,Kadapa YSR,chickpea,4300,495.35,8.9163,4.9535,8.9163,38340.09,21300.05,38340.09,20,60,6.5,600,1.5,16
53,1992,1,Andhra Pradesh,Kadapa YSR,cotton,6650,243.61,6.57747,2.92332,6.57747,43740.1755,19440.078,43740.1755,28,65,6,700,3,22
53,1993,1,Andhra Pradesh,Kadapa YSR,rice,65000,3076.92,76.923,36.92304,67.69224,4999995,2399997.6,4399995.6,25,80,6.5,1200,2,18
53,1993,1,Andhra Pradesh,Kadapa YSR,chickpea,5000,1000,18,10,18,90000,50000,90000,20,60,6.5,600,1.5,16
53,1993,1,Andhra Pradesh,Kadapa YSR,cotton,7000,291.43,7.86861,3.49716,7.86861,55080.27,24480.12,55080.27,28,65,6,700,3,22
53,1994,1,Andhra Pradesh,Kadapa YSR,rice,51000,2784.31,69.60775,33.41172,61.25482,3549995.25,1703997.72,3123995.82,25,80,6.5,1200,2,18
53,1994,1,Andhra Pradesh,Kadapa YSR,chickpea,14000,785.71,14.14278,7.8571,14.14278,197998.92,109999.4,197998.92,20,60,6.5,600,1.5,16
53,1994,1,Andhra Pradesh,Kadapa YSR,cotton,8000,276.25,7.45875,3.315,7.45875,59670,26520,59670,28,65,6,700,3,22
53,1995,1,Andhra Pradesh,Kadapa YSR,rice,59000,2762.71,69.06775,33.15252,60.77962,4074997.25,1955998.68,3585997.58,25,80,6.5,1200,2,18
53,1995,1,Andhra Pradesh,Kadapa YSR,chickpea,8000,625,11.25,6.25,11.25,90000,50000,90000,20,60,6.5,600,1.5,16
53,1995,1,Andhra Pradesh,Kadapa YSR,cotton,14000,279.29,7.54083,3.35148,7.54083,105571.62,46920.72,105571.62,28,65,6,700,3,22
53,1996,1,Andhra Pradesh,Kadapa YSR,rice,82000,2439.02,60.9755,29.26824,53.65844,4999991,2399995.68,4399992.08,25,80,6.5,1200,2,18
53,1996,1,Andhra Pradesh,Kadapa YSR,chickpea,7000,857.14,15.42852,8.5714,15.42852,107999.64,59999.8,107999.64,20,60,6.5,600,1.5,16
53,1996,1,Andhra Pradesh,Kadapa YSR,cotton,16000,244.38,6.59826,2.93256,6.59826,105572.16,46920.96,105572.16,28,65,6,700,3,22
53,1997,1,Andhra Pradesh,Kadapa YSR,rice,61000,1721.31,43.03275,20.65572,37.86882,2624997.75,1259998.92,2309998.02,25,80,6.5,1200,2,18
53,1997,1,Andhra Pradesh,Kadapa YSR,chickpea,14000,500,9,5,9,126000,70000,126000,20,60,6.5,600,1.5,16
53,1997,1,Andhra Pradesh,Kadapa YSR,cotton,13000,222.31,6.00237,2.66772,6.00237,78030.81,34680.36,78030.81,28,65,6,700,3,22
53,1998,1,Andhra Pradesh,Kadapa YSR,rice,76000,2789.47,69.73675,33.47364,61.36834,5299993,2543996.64,4663993.84,25,80,6.5,1200,2,18
53,1998,1,Andhra Pradesh,Kadapa YSR,chickpea,17000,1588.24,28.58832,15.8824,28.58832,486001.44,270000.8,486001.44,20,60,6.5,600,1.5,16
53,1998,1,Andhra Pradesh,Kadapa YSR,cotton,25000,156.4,4.2228,1.8768,4.2228,105570,46920,105570,28,65,6,700,3,22
53,1999,1,Andhra Pradesh,Kadapa YSR,rice,61610,2392.63,59.81575,28.71156,52.63786,3685248.358,1768919.212,3243018.555,25,80,6.5,1200,2,18
53,1999,1,Andhra Pradesh,Kadapa YSR,maize,120,2916.67,78.75009,35.00004,49.58339,9450.0108,4200.0048,5950.0068,22,70,6,800,2.5,20
53,1999,1,Andhra Pradesh,Kadapa YSR,chickpea,22260,703.05,12.6549,7.0305,12.6549,281698.074,156498.93,281698.074,20,60,6.5,600,1.5,16
53,1999,1,Andhra Pradesh,Kadapa YSR,cotton,25040,188.9,5.1003,2.2668,5.1003,127711.512,56760.672,127711.512,28,65,6,700,3,22
53,2000,1,Andhra Pradesh,Kadapa YSR,rice,67840,2598.02,64.9505,31.17624,57.15644,4406241.92,2114996.122,3877492.89,25,80,6.5,1200,2,18
53,2000,1,Andhra Pradesh,Kadapa YSR,maize,160,3437.5,92.8125,41.25,58.4375,14850,6600,9350,22,70,6,800,2.5,20
53,2000,1,Andhra Pradesh,Kadapa YSR,chickpea,30640,1257.83,22.64094,12.5783,22.64094,693718.4016,385399.112,693718.4016,20,60,6.5,600,1.5,16
53,2000,1,Andhra Pradesh,Kadapa YSR,cotton,30690,228.09,6.15843,2.73708,6.15843,189002.2167,84000.9852,189002.2167,28,65,6,700,3,22
53,2001,1,Andhra Pradesh,Kadapa YSR,rice,75770,2575.03,64.37575,30.90036,56.65066,4877750.578,2341320.277,4292420.508,25,80,6.5,1200,2,18
53,2001,1,Andhra Pradesh,Kadapa YSR,maize,80,4250,114.75,51,72.25,9180,4080,5780,22,70,6,800,2.5,20
53,2001,1,Andhra Pradesh,Kadapa YSR,chickpea,42870,1261.02,22.69836,12.6102,22.69836,973078.6932,540599.274,973078.6932,20,60,6.5,600,1.5,16
53,2001,1,Andhra Pradesh,Kadapa YSR,cotton,21580,183.97,4.96719,2.20764,4.96719,107191.9602,47640.8712,107191.9602,28,65,6,700,3,22
53,2002,1,Andhra Pradesh,Kadapa YSR,rice,36000,2000,50,24,44,1800000,864000,1584000,25,80,6.5,1200,2,18
53,2002,1,Andhra Pradesh,Kadapa YSR,chickpea,54000,518.52,9.33336,5.1852,9.33336,504001.44,280000.8,504001.44,20,60,6.5,600,1.5,16
53,2002,1,Andhra Pradesh,Kadapa YSR,cotton,12000,184.17,4.97259,2.21004,4.97259,59671.08,26520.48,59671.08,28,65,6,700,3,22
53,2003,1,Andhra Pradesh,Kadapa YSR,rice,34120,2463.66,61.5915,29.56392,54.20052,2101501.98,1008720.95,1849321.742,25,80,6.5,1200,2,18
53,2003,1,Andhra Pradesh,Kadapa YSR,maize,70,2000,54,24,34,3780,1680,2380,22,70,6,800,2.5,20
53,2003,1,Andhra Pradesh,Kadapa YSR,chickpea,44580,1104.08,19.87344,11.0408,19.87344,885957.9552,492198.864,885957.9552,20,60,6.5,600,1.5,16
53,2003,1,Andhra Pradesh,Kadapa YSR,cotton,15780,140.05,3.78135,1.6806,3.78135,59669.703,26519.868,59669.703,28,65,6,700,3,22
53,2004,1,Andhra Pradesh,Kadapa YSR,rice,52620,3060.43,76.51075,36.72516,67.32946,4025995.665,1932477.919,3542876.185,25,80,6.5,1200,2,18
53,2004,1,Andhra Pradesh,Kadapa YSR,maize,130,2769.23,74.76921,33.23076,47.07691,9719.9973,4319.9988,6119.9983,22,70,6,800,2.5,20
53,2004,1,Andhra Pradesh,Kadapa YSR,chickpea,35570,815.01,14.67018,8.1501,14.67018,521818.3026,289899.057,521818.3026,20,60,6.5,600,1.5,16
53,2004,1,Andhra Pradesh,Kadapa YSR,cotton,27720,97.04,2.62008,1.16448,2.62008,72628.6176,32279.3856,72628.6176,28,65,6,700,3,22
53,2005,1,Andhra Pradesh,Kadapa YSR,rice,66750,2121.65,53.04125,25.4598,46.6763,3540503.438,1699441.65,3115643.025,25,80,6.5,1200,2,18
53,2005,1,Andhra Pradesh,Kadapa YSR,maize,160,5062.5,136.6875,60.75,86.0625,21870,9720,13770,22,70,6,800,2.5,20
53,2005,1,Andhra Pradesh,Kadapa YSR,chickpea,33460,1659,29.862,16.59,29.862,999182.52,555101.4,999182.52,20,60,6.5,600,1.5,16
53,2005,1,Andhra Pradesh,Kadapa YSR,cotton,14580,137.86,3.72222,1.65432,3.72222,54269.9676,24119.9856,54269.9676,28,65,6,700,3,22
53,2006,1,Andhra Pradesh,Kadapa YSR,rice,46910,2674.48,66.862,32.09376,58.83856,3136496.42,1505518.282,2760116.85,25,80,6.5,1200,2,18
53,2006,1,Andhra Pradesh,Kadapa YSR,maize,160,4375,118.125,52.5,74.375,18900,8400,11900,22,70,6,800,2.5,20
53,2006,1,Andhra Pradesh,Kadapa YSR,chickpea,71790,454.94,8.18892,4.5494,8.18892,587882.5668,326601.426,587882.5668,20,60,6.5,600,1.5,16
53,2006,1,Andhra Pradesh,Kadapa YSR,cotton,7940,120.91,3.26457,1.45092,3.26457,25920.6858,11520.3048,25920.6858,28,65,6,700,3,22
53,2007,1,Andhra Pradesh,Kadapa YSR,rice,62560,2942.14,73.5535,35.30568,64.72708,4601506.96,2208723.341,4049326.125,25,80,6.5,1200,2,18
53,2007,1,Andhra Pradesh,Kadapa YSR,maize,190,7000,189,84,119,35910,15960,22610,22,70,6,800,2.5,20
53,2007,1,Andhra Pradesh,Kadapa YSR,chickpea,66930,1295.98,23.32764,12.9598,23.32764,1561318.945,867399.414,1561318.945,20,60,6.5,600,1.5,16
53,2007,1,Andhra Pradesh,Kadapa YSR,cotton,9010,265.26,7.16202,3.18312,7.16202,64529.8002,28679.9112,64529.8002,28,65,6,700,3,22
53,2008,1,Andhra Pradesh,Kadapa YSR,rice,65070,1973.87,49.34675,23.68644,43.42514,3210993.022,1541276.651,2825673.86,25,80,6.5,1200,2,18
53,2008,1,Andhra Pradesh,Kadapa YSR,maize,2020,7549.51,203.83677,90.59412,128.34167,411750.2754,183000.1224,259250.1734,22,70,6,800,2.5,20
53,2008,1,Andhra Pradesh,Kadapa YSR,chickpea,71450,944.02,16.99236,9.4402,16.99236,1214104.122,674502.29,1214104.122,20,60,6.5,600,1.5,16
53,2008,1,Andhra Pradesh,Kadapa YSR,cotton,11470,172.62,4.66074,2.07144,4.66074,53458.6878,23759.4168,53458.6878,28,65,6,700,3,22
53,2009,1,Andhra Pradesh,Kadapa YSR,rice,65320,2877.07,71.92675,34.52484,63.29554,4698255.31,2255162.549,4134464.673,25,80,6.5,1200,2,18
53,2009,1,Andhra Pradesh,Kadapa YSR,maize,1400,5864.29,158.33583,70.37148,99.69293,221670.162,98520.072,139570.102,22,70,6,800,2.5,20
53,2009,1,Andhra Pradesh,Kadapa YSR,chickpea,77340,493.02,8.87436,4.9302,8.87436,686343.0024,381301.668,686343.0024,20,60,6.5,600,1.5,16
53,2009,1,Andhra Pradesh,Kadapa YSR,cotton,12610,241.08,6.50916,2.89296,6.50916,82080.5076,36480.2256,82080.5076,28,65,6,700,3,22
53,2010,1,Andhra Pradesh,Kadapa YSR,rice,70380,1840.72,46.018,22.08864,40.49584,3238746.84,1554598.483,2850097.219,25,80,6.5,1200,2,18
53,2010,1,Andhra Pradesh,Kadapa YSR,maize,1410,7929.08,214.08516,95.14896,134.79436,301860.0756,134160.0336,190060.0476,22,70,6,800,2.5,20
53,2010,1,Andhra Pradesh,Kadapa YSR,chickpea,69520,1105.01,19.89018,11.0501,19.89018,1382765.314,768202.952,1382765.314,20,60,6.5,600,1.5,16
53,2010,1,Andhra Pradesh,Kadapa YSR,cotton,17010,408,11.016,4.896,11.016,187382.16,83280.96,187382.16,28,65,6,700,3,22
53,2011,1,Andhra Pradesh,Kadapa YSR,rice,53900,2943.6,73.59,35.3232,64.7592,3966501,1903920.48,3490520.88,25,80,6.5,1200,2,18
53,2011,1,Andhra Pradesh,Kadapa YSR,maize,1590,6144.65,165.90555,73.7358,104.45905,263789.8245,117239.922,166089.8895,22,70,6,800,2.5,20
53,2011,1,Andhra Pradesh,Kadapa YSR,chickpea,90370,828.93,14.92074,8.2893,14.92074,1348387.274,749104.041,1348387.274,20,60,6.5,600,1.5,16
53,2011,1,Andhra Pradesh,Kadapa YSR,cotton,30850,266.13,7.18551,3.19356,7.18551,221672.9835,98521.326,221672.9835,28,65,6,700,3,22
53,2012,1,Andhra Pradesh,Kadapa YSR,rice,30750,2627.64,65.691,31.53168,57.80808,2019998.25,969599.16,1777598.46,25,80,6.5,1200,2,18
53,2012,1,Andhra Pradesh,Kadapa YSR,maize,2700,6522.22,176.09994,78.26664,110.87774,475469.838,211319.928,299369.898,22,70,6,800,2.5,20
53,2012,1,Andhra Pradesh,Kadapa YSR,chickpea,112190,168.02,3.02436,1.6802,3.02436,339302.9484,188501.638,339302.9484,20,60,6.5,600,1.5,16
53,2012,1,Andhra Pradesh,Kadapa YSR,cotton,28880,350.07,9.45189,4.20084,9.45189,272970.5832,121320.2592,272970.5832,28,65,6,700,3,22
53,2013,1,Andhra Pradesh,Kadapa YSR,rice,62710,2843.09,71.07725,34.11708,62.54798,4457254.348,2139482.087,3922383.826,25,80,6.5,1200,2,18
53,2013,1,Andhra Pradesh,Kadapa YSR,maize,5490,6752.28,182.31156,81.02736,114.78876,1000890.464,444840.2064,630190.2924,22,70,6,800,2.5,20
53,2013,1,Andhra Pradesh,Kadapa YSR,chickpea,97050,1355.9,24.4062,13.559,24.4062,2368621.71,1315900.95,2368621.71,20,60,6.5,600,1.5,16
53,2013,1,Andhra Pradesh,Kadapa YSR,cotton,35920,264.76,7.14852,3.17712,7.14852,256774.8384,114122.1504,256774.8384,28,65,6,700,3,22
53,2014,1,Andhra Pradesh,Kadapa YSR,rice,45890,3613.86,90.3465,43.36632,79.50492,4146000.885,1990080.425,3648480.779,25,80,6.5,1200,2,18
53,2014,1,Andhra Pradesh,Kadapa YSR,maize,3350,6143.28,165.86856,73.71936,104.43576,555659.676,246959.856,349859.796,22,70,6,800,2.5,20
53,2014,1,Andhra Pradesh,Kadapa YSR,chickpea,68170,631.95,11.3751,6.3195,11.3751,775440.567,430800.315,775440.567,20,60,6.5,600,1.5,16
53,2014,1,Andhra Pradesh,Kadapa YSR,cotton,35590,301.49,8.14023,3.61788,8.14023,289710.7857,128760.3492,289710.7857,28,65,6,700,3,22
53,2015,1,Andhra Pradesh,Kadapa YSR,rice,40260,3058.37,76.45925,36.70044,67.28414,3078249.405,1477559.714,2708859.476,25,80,6.5,1200,2,18
53,2015,1,Andhra Pradesh,Kadapa YSR,maize,1550,1645.16,44.41932,19.74192,27.96772,68849.946,30599.976,43349.966,22,70,6,800,2.5,20
53,2015,1,Andhra Pradesh,Kadapa YSR,chickpea,79210,1130.03,20.34054,11.3003,20.34054,1611174.173,895096.763,1611174.173,20,60,6.5,600,1.5,16
53,2015,1,Andhra Pradesh,Kadapa YSR,cotton,33510,256.34,6.92118,3.07608,6.92118,231928.7418,103079.4408,231928.7418,28,65,6,700,3,22
53,2016,1,Andhra Pradesh,Kadapa YSR,rice,50330,3291.14,82.2785,39.49368,72.40508,4141076.905,1987716.914,3644147.676,25,80,6.5,1200,2,18
53,2016,1,Andhra Pradesh,Kadapa YSR,maize,2740,5151.91,139.10157,61.82292,87.58247,381138.3018,169394.8008,239975.9678,22,70,6,800,2.5,20
53,2016,1,Andhra Pradesh,Kadapa YSR,chickpea,82040,403,7.254,4.03,7.254,595118.16,330621.2,595118.16,20,60,6.5,600,1.5,16
53,2016,1,Andhra Pradesh,Kadapa YSR,cotton,19400,166.52,4.49604,1.99824,4.49604,87223.176,38765.856,87223.176,28,65,6,700,3,22
53,2017,1,Andhra Pradesh,Kadapa YSR,rice,54980,2542.13,63.55325,30.50556,55.92686,3494157.685,1677195.689,3074858.763,25,80,6.5,1200,2,18
53,2017,1,Andhra Pradesh,Kadapa YSR,maize,3370,11368.52,306.95004,136.42224,193.26484,1034421.635,459742.9488,651302.5108,22,70,6,800,2.5,20
53,2017,1,Andhra Pradesh,Kadapa YSR,chickpea,97140,710,12.78,7.1,12.78,1241449.2,689694,1241449.2,20,60,6.5,600,1.5,16
53,2017,1,Andhra Pradesh,Kadapa YSR,cotton,24800,130.46,3.52242,1.56552,3.52242,87356.016,38824.896,87356.016,28,65,6,700,3,22
54,1966,1,Andhra Pradesh,Chittoor,rice,156000,1647.44,41.186,19.76928,36.24368,6425016,3084007.68,5654014.08,25,80,6.5,1200,2,18
54,1966,1,Andhra Pradesh,Chittoor,maize,100,1000,27,12,17,2700,1200,1700,22,70,6,800,2.5,20
54,1967,1,Andhra Pradesh,Chittoor,rice,139000,1467.63,36.69075,17.61156,32.28786,5100014.25,2448006.84,4488012.54,25,80,6.5,1200,2,18
54,1967,1,Andhra Pradesh,Chittoor,maize,300,1000,27,12,17,8100,3600,5100,22,70,6,800,2.5,20
54,1968,1,Andhra Pradesh,Chittoor,rice,105000,1247.62,31.1905,14.97144,27.44764,3275002.5,1572001.2,2882002.2,25,80,6.5,1200,2,18
54,1969,1,Andhra Pradesh,Chittoor,rice,134000,1713.43,42.83575,20.56116,37.69546,5739990.5,2755195.44,5051191.64,25,80,6.5,1200,2,18
54,1969,1,Andhra Pradesh,Chittoor,maize,300,1000,27,12,17,8100,3600,5100,22,70,6,800,2.5,20
54,1970,1,Andhra Pradesh,Chittoor,rice,143300,1568.74,39.2185,18.82488,34.51228,5620011.05,2697605.304,4945609.724,25,80,6.5,1200,2,18
54,1970,1,Andhra Pradesh,Chittoor,maize,200,1500,40.5,18,25.5,8100,3600,5100,22,70,6,800,2.5,20
54,1971,1,Andhra Pradesh,Chittoor,rice,127000,1841.73,46.04325,22.10076,40.51806,5847492.75,2806796.52,5145793.62,25,80,6.5,1200,2,18
54,1971,1,Andhra Pradesh,Chittoor,maize,200,1000,27,12,17,5400,2400,3400,22,70,6,800,2.5,20
54,1972,1,Andhra Pradesh,Chittoor,rice,153400,2123.86,53.0965,25.48632,46.72492,8145003.1,3909601.488,7167602.728,25,80,6.5,1200,2,18
54,1972,1,Andhra Pradesh,Chittoor,maize,200,1500,40.5,18,25.5,8100,3600,5100,22,70,6,800,2.5,20
54,1973,1,Andhra Pradesh,Chittoor,rice,132700,1818.39,45.45975,21.82068,40.00458,6032508.825,2895604.236,5308607.766,25,80,6.5,1200,2,18
54,1973,1,Andhra Pradesh,Chittoor,maize,200,1500,40.5,18,25.5,8100,3600,5100,22,70,6,800,2.5,20
54,1974,1,Andhra Pradesh,Chittoor,rice,136900,1672.02,41.8005,20.06424,36.78444,5722488.45,2746794.456,5035789.836,25,80,6.5,1200,2,18
54,1974,1,Andhra Pradesh,Chittoor,maize,200,2000,54,24,34,10800,4800,6800,22,70,6,800,2.5,20
54,1975,1,Andhra Pradesh,Chittoor,rice,161900,1868.44,46.711,22.42128,41.10568,7562510.9,3630005.232,6655009.592,25,80,6.5,1200,2,18
54,1975,1,Andhra Pradesh,Chittoor,maize,200,1500,40.5,18,25.5,8100,3600,5100,22,70,6,800,2.5,20
54,1976,1,Andhra Pradesh,Chittoor,rice,161000,1762.73,44.06825,21.15276,38.78006,7094988.25,3405594.36,6243589.66,25,80,6.5,1200,2,18
54,1976,1,Andhra Pradesh,Chittoor,maize,100,2000,54,24,34,5400,2400,3400,22,70,6,800,2.5,20
54,1977,1,Andhra Pradesh,Chittoor,rice,159200,1978.02,49.4505,23.73624,43.51644,7872519.6,3778809.408,6927817.248,25,80,6.5,1200,2,18
54,1977,1,Andhra Pradesh,Chittoor,maize,200,1500,40.5,18,25.5,8100,3600,5100,22,70,6,800,2.5,20
54,1978,1,Andhra Pradesh,Chittoor,rice,166800,1948.44,48.711,23.38128,42.86568,8124994.8,3899997.504,7149995.424,25,80,6.5,1200,2,18
54,1978,1,Andhra Pradesh,Chittoor,maize,300,1000,27,12,17,8100,3600,5100,22,70,6,800,2.5,20
54,1979,1,Andhra Pradesh,Chittoor,rice,158000,2000,50,24,44,7900000,3792000,6952000,25,80,6.5,1200,2,18
54,1979,1,Andhra Pradesh,Chittoor,maize,200,1500,40.5,18,25.5,8100,3600,5100,22,70,6,800,2.5,20
54,1980,1,Andhra Pradesh,Chittoor,rice,116800,1740.58,43.5145,20.88696,38.29276,5082493.6,2439596.928,4472594.368,25,80,6.5,1200,2,18
54,1980,1,Andhra Pradesh,Chittoor,maize,1000,2000,54,24,34,54000,24000,34000,22,70,6,800,2.5,20
54,1981,1,Andhra Pradesh,Chittoor,rice,125000,2056,51.4,24.672,45.232,6425000,3084000,5654000,25,80,6.5,1200,2,18
54,1981,1,Andhra Pradesh,Chittoor,maize,400,2500,67.5,30,42.5,27000,12000,17000,22,70,6,800,2.5,20
54,1982,1,Andhra Pradesh,Chittoor,rice,90300,1729.79,43.24475,20.75748,38.05538,3905000.925,1874400.444,3436400.814,25,80,6.5,1200,2,18
54,1982,1,Andhra Pradesh,Chittoor,maize,300,2666.67,72.00009,32.00004,45.33339,21600.027,9600.012,13600.017,22,70,6,800,2.5,20
54,1983,1,Andhra Pradesh,Chittoor,rice,120700,2236.12,55.903,26.83344,49.19464,6747492.1,3238796.208,5937793.048,25,80,6.5,1200,2,18
54,1983,1,Andhra Pradesh,Chittoor,maize,200,8000,216,96,136,43200,19200,27200,22,70,6,800,2.5,20
54,1984,1,Andhra Pradesh,Chittoor,rice,113100,2053.05,51.32625,24.6366,45.1671,5804998.875,2786399.46,5108399.01,25,80,6.5,1200,2,18
54,1984,1,Andhra Pradesh,Chittoor,maize,200,1500,40.5,18,25.5,8100,3600,5100,22,70,6,800,2.5,20
54,1985,1,Andhra Pradesh,Chittoor,rice,117500,2201.7,55.0425,26.4204,48.4374,6467493.75,3104397,5691394.5,25,80,6.5,1200,2,18
54,1985,1,Andhra Pradesh,Chittoor,maize,100,2000,54,24,34,5400,2400,3400,22,70,6,800,2.5,20
54,1986,1,Andhra Pradesh,Chittoor,rice,59000,1661.02,41.5255,19.93224,36.54244,2450004.5,1176002.16,2156003.96,25,80,6.5,1200,2,18
54,1986,1,Andhra Pradesh,Chittoor,maize,300,3333.33,89.99991,39.99996,56.66661,26999.973,11999.988,16999.983,22,70,6,800,2.5,20
54,1987,1,Andhra Pradesh,Chittoor,rice,66000,2424.24,60.606,29.09088,53.33328,3999996,1919998.08,3519996.48,25,80,6.5,1200,2,18
54,1987,1,Andhra Pradesh,Chittoor,maize,100,1000,27,12,17,2700,1200,1700,22,70,6,800,2.5,20
54,1988,1,Andhra Pradesh,Chittoor,rice,112900,2251.55,56.28875,27.0186,49.5341,6354999.875,3050399.94,5592399.89,25,80,6.5,1200,2,18
54,1988,1,Andhra Pradesh,Chittoor,maize,300,2000,54,24,34,16200,7200,10200,22,70,6,800,2.5,20
54,1989,1,Andhra Pradesh,Chittoor,rice,95100,2262.88,56.572,27.15456,49.78336,5379997.2,2582398.656,4734397.536,25,80,6.5,1200,2,18
54,1989,1,Andhra Pradesh,Chittoor,maize,100,3100,83.7,37.2,52.7,8370,3720,5270,22,70,6,800,2.5,20
54,1990,1,Andhra Pradesh,Chittoor,rice,94990,2554.69,63.86725,30.65628,56.20318,6066750.078,2912040.037,5338740.068,25,80,6.5,1200,2,18
54,1990,1,Andhra Pradesh,Chittoor,maize,200,1900,51.3,22.8,32.3,10260,4560,6460,22,70,6,800,2.5,20
54,1991,1,Andhra Pradesh,Chittoor,rice,115430,2306.59,57.66475,27.67908,50.74498,6656242.093,3194996.204,5857493.041,25,80,6.5,1200,2,18
54,1991,1,Andhra Pradesh,Chittoor,maize,160,1937.5,52.3125,23.25,32.9375,8370,3720,5270,22,70,6,800,2.5,20
54,1992,1,Andhra Pradesh,Chittoor,rice,80290,1738.7,43.4675,20.8644,38.2514,3490005.575,1675202.676,3071204.906,25,80,6.5,1200,2,18
54,1992,1,Andhra Pradesh,Chittoor,maize,310,2516.13,67.93551,30.19356,42.77421,21060.0081,9360.0036,13260.0051,22,70,6,800,2.5,20
54,1993,1,Andhra Pradesh,Chittoor,rice,106000,2386.79,59.66975,28.64148,52.50938,6324993.5,3035996.88,5565994.28,25,80,6.5,1200,2,18
54,1994,1,Andhra Pradesh,Chittoor,rice,82000,2256.1,56.4025,27.0732,49.6342,4625005,2220002.4,4070004.4,25,80,6.5,1200,2,18
54,1995,1,Andhra Pradesh,Chittoor,rice,83000,2192.77,54.81925,26.31324,48.24094,4549997.75,2183998.92,4003998.02,25,80,6.5,1200,2,18
54,1996,1,Andhra Pradesh,Chittoor,rice,133000,2428.57,60.71425,29.14284,53.42854,8074995.25,3875997.72,7105995.82,25,80,6.5,1200,2,18
54,1997,1,Andhra Pradesh,Chittoor,rice,99000,2242.42,56.0605,26.90904,49.33324,5549989.5,2663994.96,4883990.76,25,80,6.5,1200,2,18
54,1998,1,Andhra Pradesh,Chittoor,rice,104000,2548.08,63.702,30.57696,56.05776,6625008,3180003.84,5830007.04,25,80,6.5,1200,2,18
54,1999,1,Andhra Pradesh,Chittoor,rice,75030,2029.59,50.73975,24.35508,44.65098,3807003.442,1827361.652,3350163.029,25,80,6.5,1200,2,18
54,1999,1,Andhra Pradesh,Chittoor,maize,250,3360,90.72,40.32,57.12,22680,10080,14280,22,70,6,800,2.5,20
54,2000,1,Andhra Pradesh,Chittoor,rice,75220,2478.33,61.95825,29.73996,54.52326,4660499.565,2237039.791,4101239.617,25,80,6.5,1200,2,18
54,2000,1,Andhra Pradesh,Chittoor,maize,410,3000,81,36,51,33210,14760,20910,22,70,6,800,2.5,20
54,2000,1,Andhra Pradesh,Chittoor,chickpea,10,1000,18,10,18,180,100,180,20,60,6.5,600,1.5,16
54,2001,1,Andhra Pradesh,Chittoor,rice,86430,2613.44,65.336,31.36128,57.49568,5646990.48,2710555.43,4969351.622,25,80,6.5,1200,2,18
54,2001,1,Andhra Pradesh,Chittoor,maize,380,3447.37,93.07899,41.36844,58.60529,35370.0162,15720.0072,22270.0102,22,70,6,800,2.5,20
54,2001,1,Andhra Pradesh,Chittoor,chickpea,10,1000,18,10,18,180,100,180,20,60,6.5,600,1.5,16
54,2002,1,Andhra Pradesh,Chittoor,rice,50000,2540,63.5,30.48,55.88,3175000,1524000,2794000,25,80,6.5,1200,2,18
54,2002,1,Andhra Pradesh,Chittoor,maize,1000,2000,54,24,34,54000,24000,34000,22,70,6,800,2.5,20
54,2003,1,Andhra Pradesh,Chittoor,rice,45780,1862.82,46.5705,22.35384,40.98204,2131997.49,1023358.795,1876157.791,25,80,6.5,1200,2,18
54,2003,1,Andhra Pradesh,Chittoor,maize,1130,3070.8,82.9116,36.8496,52.2036,93690.108,41640.048,58990.068,22,70,6,800,2.5,20
54,2004,1,Andhra Pradesh,Chittoor,rice,44880,2506.91,62.67275,30.08292,55.15202,2812753.02,1350121.45,2475222.658,25,80,6.5,1200,2,18
54,2004,1,Andhra Pradesh,Chittoor,maize,860,4674.42,126.20934,56.09304,79.46514,108540.0324,48240.0144,68340.0204,22,70,6,800,2.5,20
54,2004,1,Andhra Pradesh,Chittoor,chickpea,10,1000,18,10,18,180,100,180,20,60,6.5,600,1.5,16
54,2005,1,Andhra Pradesh,Chittoor,rice,82590,2794.41,69.86025,33.53292,61.47702,5769758.048,2769483.863,5077387.082,25,80,6.5,1200,2,18
54,2005,1,Andhra Pradesh,Chittoor,maize,770,6246.75,168.66225,74.961,106.19475,129869.9325,57719.97,81769.9575,22,70,6,800,2.5,20
54,2006,1,Andhra Pradesh,Chittoor,rice,46210,2761.74,69.0435,33.14088,60.75828,3190500.135,1531440.065,2807640.119,25,80,6.5,1200,2,18
54,2006,1,Andhra Pradesh,Chittoor,maize,1170,6282.05,169.61535,75.3846,106.79485,198449.9595,88199.982,124949.9745,22,70,6,800,2.5,20
54,2007,1,Andhra Pradesh,Chittoor,rice,52440,3002.1,75.0525,36.0252,66.0462,3935753.1,1889161.488,3463462.728,25,80,6.5,1200,2,18
54,2007,1,Andhra Pradesh,Chittoor,maize,1060,6622.64,178.81128,79.47168,112.58488,189539.9568,84239.9808,119339.9728,22,70,6,800,2.5,20
54,2007,1,Andhra Pradesh,Chittoor,chickpea,10,1000,18,10,18,180,100,180,20,60,6.5,600,1.5,16
54,2008,1,Andhra Pradesh,Chittoor,rice,55520,2969.74,74.2435,35.63688,65.33428,4121999.12,1978559.578,3627359.226,25,80,6.5,1200,2,18
54,2008,1,Andhra Pradesh,Chittoor,maize,1800,6883.33,185.84991,82.59996,117.01661,334529.838,148679.928,210629.898,22,70,6,800,2.5,20
54,2008,1,Andhra Pradesh,Chittoor,chickpea,60,1166.67,21.00006,11.6667,21.00006,1260.0036,700.002,1260.0036,20,60,6.5,600,1.5,16
54,2008,1,Andhra Pradesh,Chittoor,cotton,20,500,13.5,6,13.5,270,120,270,28,65,6,700,3,22
54,2009,1,Andhra Pradesh,Chittoor,rice,54910,3098.34,77.4585,37.18008,68.16348,4253246.235,2041558.193,3742856.687,25,80,6.5,1200,2,18
54,2009,1,Andhra Pradesh,Chittoor,maize,1940,4835.05,130.54635,58.0206,82.19585,253259.919,112559.964,159459.949,22,70,6,800,2.5,20
54,2009,1,Andhra Pradesh,Chittoor,cotton,70,285.71,7.71417,3.42852,7.71417,539.9919,239.9964,539.9919,28,65,6,700,3,22
54,2010,1,Andhra Pradesh,Chittoor,rice,61580,3006.5,75.1625,36.078,66.143,4628506.75,2221683.24,4073085.94,25,80,6.5,1200,2,18
54,2010,1,Andhra Pradesh,Chittoor,maize,1510,6543.05,176.66235,78.5166,111.23185,266760.1485,118560.066,167960.0935,22,70,6,800,2.5,20
54,2010,1,Andhra Pradesh,Chittoor,cotton,240,83.33,2.24991,0.99996,2.24991,539.9784,239.9904,539.9784,28,65,6,700,3,22
54,2011,1,Andhra Pradesh,Chittoor,rice,51110,3305.22,82.6305,39.66264,72.71484,4223244.855,2027157.53,3716455.472,25,80,6.5,1200,2,18
54,2011,1,Andhra Pradesh,Chittoor,maize,1810,5464.09,147.53043,65.56908,92.88953,267030.0783,118680.0348,168130.0493,22,70,6,800,2.5,20
54,2011,1,Andhra Pradesh,Chittoor,cotton,400,25,0.675,0.3,0.675,270,120,270,28,65,6,700,3,22
54,2012,1,Andhra Pradesh,Chittoor,rice,47510,3607.87,90.19675,43.29444,79.37314,4285247.592,2056918.844,3771017.881,25,80,6.5,1200,2,18
54,2012,1,Andhra Pradesh,Chittoor,maize,1630,5061.35,136.65645,60.7362,86.04295,222750.0135,99000.006,140250.0085,22,70,6,800,2.5,20
54,2012,1,Andhra Pradesh,Chittoor,chickpea,20,500,9,5,9,180,100,180,20,60,6.5,600,1.5,16
54,2012,1,Andhra Pradesh,Chittoor,cotton,540,222.22,5.99994,2.66664,5.99994,3239.9676,1439.9856,3239.9676,28,65,6,700,3,22
54,2013,1,Andhra Pradesh,Chittoor,rice,49860,3389.89,84.74725,40.67868,74.57758,4225497.885,2028238.985,3718438.139,25,80,6.5,1200,2,18
54,2013,1,Andhra Pradesh,Chittoor,maize,3210,5420.56,146.35512,65.04672,92.14952,469799.9352,208799.9712,295799.9592,22,70,6,800,2.5,20
54,2013,1,Andhra Pradesh,Chittoor,chickpea,10,1000,18,10,18,180,100,180,20,60,6.5,600,1.5,16
54,2013,1,Andhra Pradesh,Chittoor,cotton,350,457.14,12.34278,5.48568,12.34278,4319.973,1919.988,4319.973,28,65,6,700,3,22
54,2014,1,Andhra Pradesh,Chittoor,rice,40970,3232.12,80.803,38.78544,71.10664,3310498.91,1589039.477,2913239.041,25,80,6.5,1200,2,18
54,2014,1,Andhra Pradesh,Chittoor,maize,3680,4144.02,111.88854,49.72824,70.44834,411749.8272,182999.9232,259249.8912,22,70,6,800,2.5,20
54,2014,1,Andhra Pradesh,Chittoor,chickpea,10,1000,18,10,18,180,100,180,20,60,6.5,600,1.5,16
54,2014,1,Andhra Pradesh,Chittoor,cotton,850,423.53,11.43531,5.08236,11.43531,9720.0135,4320.006,9720.0135,28,65,6,700,3,22
54,2015,1,Andhra Pradesh,Chittoor,rice,88150,3795.24,94.881,45.54288,83.49528,8363760.15,4014604.872,7360108.932,25,80,6.5,1200,2,18
54,2015,1,Andhra Pradesh,Chittoor,maize,3160,3604.43,97.31961,43.25316,61.27531,307529.9676,136679.9856,193629.9796,22,70,6,800,2.5,20
54,2015,1,Andhra Pradesh,Chittoor,cotton,1140,315.79,8.52633,3.78948,8.52633,9720.0162,4320.0072,9720.0162,28,65,6,700,3,22
54,2016,1,Andhra Pradesh,Chittoor,rice,46700,3644.56,91.114,43.73472,80.18032,4255023.8,2042411.424,3744420.944,25,80,6.5,1200,2,18
54,2016,1,Andhra Pradesh,Chittoor,maize,2030,4194.49,113.25123,50.33388,71.30633,229899.9969,102177.7764,144751.8499,22,70,6,800,2.5,20
54,2016,1,Andhra Pradesh,Chittoor,cotton,780,395.72,10.68444,4.74864,10.68444,8333.8632,3703.9392,8333.8632,28,65,6,700,3,22
54,2017,1,Andhra Pradesh,Chittoor,rice,64810,3797.99,94.94975,45.57588,83.55578,6153693.297,2953772.783,5415250.102,25,80,6.5,1200,2,18
54,2017,1,Andhra Pradesh,Chittoor,maize,2500,5536.74,149.49198,66.44088,94.12458,373729.95,166102.2,235311.45,22,70,6,800,2.5,20
54,2017,1,Andhra Pradesh,Chittoor,cotton,500,480.97,12.98619,5.77164,12.98619,6493.095,2885.82,6493.095,28,65,6,700,3,22
